157A0;0.0000;6.9048;7.5002;6.3862;6.7900;6.0044;5.7443;6.6899;7.2604;6.2853;7.3126;7.3317;7.4059;1.2566;6.4228;6.9667;3.5901;7.1214;7.0577;7.5717;5.9078;5.2675;7.0495;7.3125;7.3374;2.2104;7.2053;7.1791;7.6500;7.2730;1.3934;6.1631;7.4046;6.8767;6.7230;6.1585;7.4160;6.8063;6.9897;5.7527;7.3180;5.6742;4.3853;5.6496;7.1902;6.3688;7.3026;6.7050;7.1569;5.7446;8.1802;6.6284;5.4948;6.1061;6.9974;4.8209;5.1788;7.3712;7.1608;5.9648;4.5985;6.1830;7.3900;6.0025;5.7518;7.4753;6.5722;6.8826;5.5149;6.2804;6.1621;5.9957;7.4224;7.3326;5.4919;4.6610;7.3459;5.8853;6.7428;5.4201;7.3452;5.5136;7.3840;7.4058;7.0549;7.3685;6.4930;4.2499;4.7480;6.6357;7.4184;4.9708;4.7931;0.6803;6.2879;6.6533;7.1309;4.2519;5.4761;6.8577;5.3852;6.3897;6.4389;6.1987;4.9748
196C0;6.9048;0.0000;1.8720;0.8419;0.5681;0.9617;1.1996;0.3638;0.7532;0.7245;0.8021;0.4734;0.6116;5.6609;0.6430;0.2571;3.4174;0.2628;0.4202;1.2128;1.0675;1.8160;0.2766;0.4778;0.6528;4.8166;0.3477;0.3678;2.0418;0.5215;5.5788;0.9848;0.5778;0.2149;0.3661;0.9121;0.5284;0.1042;0.3110;1.3046;0.4415;1.3334;2.5827;1.2890;0.5476;0.6180;0.5158;0.3213;0.3261;1.2902;3.2206;0.3970;1.4365;0.8577;0.1959;2.0901;1.7734;0.4680;0.3153;1.2148;2.3490;0.9525;0.6355;0.9488;1.2402;1.0070;0.3375;0.3366;1.4191;0.8609;1.0762;0.9265;1.4819;0.7783;1.5803;2.2858;0.4465;1.1157;0.1760;1.6412;0.5512;1.4187;0.4885;0.5376;0.2845;0.4760;0.7414;2.6711;2.1853;0.6526;0.7003;2.0092;2.2409;7.4234;0.7978;0.5711;0.3775;2.7547;1.6886;0.3943;1.6503;0.8298;0.4799;0.8363;2.0257
90E1;7.5002;1.8720;0.0000;2.3871;2.2918;2.4962;2.6074;2.1980;2.4706;2.2384;2.1553;1.9672;1.7353;6.3055;2.3639;2.0891;4.4130;1.9851;2.0781;1.8344;2.5799;3.2477;2.0512;1.6333;1.9327;5.6707;1.9881;1.9332;0.2176;2.0514;6.3036;2.5534;1.6805;2.0630;2.2058;2.3771;1.7745;1.9072;2.1343;2.2534;1.8001;2.8101;3.6969;2.6429;1.9274;2.3077;1.5289;2.0899;1.6420;2.0672;2.4098;1.7700;2.7197;2.4298;1.7904;3.0592;2.9520;1.8553;1.9701;2.8802;3.4665;2.4279;1.5757;2.4639;2.6691;0.9934;1.9861;2.1969;2.7115;2.4936;2.8104;2.3706;0.4685;2.1697;2.9875;3.4193;1.8656;2.6327;1.9434;3.0168;1.4963;2.7028;1.9150;1.8165;1.6811;1.8673;2.3301;3.5629;3.2986;2.3611;1.9695;3.2531;3.4518;8.0828;2.2495;2.1861;2.1470;3.8527;3.2169;2.0723;3.0439;2.3325;2.0867;2.4456;3.3020
35B0;6.3862;0.8419;2.3871;0.0000;0.7189;0.6231;0.8039;0.6133;0.9754;0.4361;1.0395;1.0664;1.2263;5.1414;0.4601;0.7708;2.8402;0.9892;0.7356;1.9861;0.7318;1.3103;0.8375;1.2073;1.1611;4.2632;0.9793;0.9115;2.5701;0.9589;5.0799;0.6374;1.1912;0.7795;0.6348;0.2616;1.2349;0.7736;0.8079;1.0198;1.2129;0.8871;2.0686;0.8513;0.9851;0.4839;1.2020;0.5753;1.1323;1.0786;3.9430;0.8248;0.9942;0.5915;0.8614;1.6867;1.2264;1.2047;0.9291;0.7550;1.8421;0.5729;1.4072;0.6649;0.6954;1.6822;0.6317;0.7087;0.9699;0.9665;0.6599;0.6767;1.9847;0.9576;0.9760;1.8148;1.1556;0.6391;0.7221;1.0336;1.3005;0.9733;1.2092;1.1616;1.0227;1.2202;0.1193;2.1569;1.7441;0.5962;1.1195;1.4781;1.6393;6.9061;0.6444;0.3153;0.9506;2.1803;1.1495;0.5750;1.0823;0.0689;0.6478;0.3933;1.5286
115B0;6.7900;0.5681;2.2918;0.7189;0.0000;0.8699;1.1170;0.3806;0.6940;0.5740;0.6475;0.7381;0.8120;5.5384;0.4340;0.4666;3.2418;0.5857;0.5753;1.3929;0.9933;1.6266;0.5518;0.8330;0.6549;4.6465;0.6251;0.6289;2.4527;0.7555;5.4482;0.6380;0.9336;0.5539;0.3276;0.8145;0.9269;0.5637;0.5487;1.4133;0.7607;1.1956;2.4286;1.1866;0.5458;0.5874;0.9376;0.5397;0.8136;1.3863;3.5442;0.7921;1.3255;0.7892;0.5794;2.0583;1.6496;0.8231;0.6266;1.0005;2.2084;0.6406;0.9510;0.8720;1.1184;1.4295;0.5808;0.3891;1.3050;0.8428;0.8387;0.9023;1.9093;0.8837;1.3473;2.1651;0.7638;0.9790;0.5684;1.4172;1.0042;1.3051;0.8250;0.8566;0.6696;0.8632;0.6312;2.5682;2.0756;0.1734;0.7578;1.8500;2.0417;7.2830;0.5545;0.5770;0.5582;2.5699;1.4649;0.5978;1.4598;0.7314;0.5779;0.7740;1.8493
155A0;6.0044;0.9617;2.4962;0.6231;0.8699;0.0000;0.2631;0.6892;1.2908;0.4342;1.4349;1.3503;1.5017;4.7612;0.4501;0.9706;2.4796;1.1403;1.0937;1.9380;0.1438;0.8602;1.0583;1.4169;1.4342;3.8852;1.2186;1.2137;2.6839;1.3031;4.6678;0.4694;1.4961;0.8943;0.7250;0.4320;1.4727;0.8646;0.9931;0.7821;1.3787;0.3762;1.6420;0.3639;1.2884;0.3693;1.4414;0.7323;1.2708;0.8480;3.7365;0.8291;0.5224;0.1085;1.0759;1.2312;0.8641;1.4079;1.1796;0.4087;1.4145;0.5264;1.5434;0.0770;0.3268;1.8489;0.6458;0.8794;0.5037;0.5246;0.4384;0.1703;2.1588;1.4258;0.6623;1.3540;1.3792;0.1813;0.7987;0.7185;1.4920;0.5086;1.4103;1.4551;1.1728;1.4081;0.6634;1.7835;1.2671;0.7410;1.4928;1.0597;1.3006;6.5096;0.5568;0.7627;1.1294;1.8142;0.7556;0.9158;0.6974;0.6443;0.5112;0.2851;1.0747
154A0;5.7443;1.1996;2.6074;0.8039;1.1170;0.2631;0.0000;0.9482;1.5480;0.6344;1.6759;1.6024;1.7407;4.5019;0.7040;1.2269;2.2297;1.3919;1.3422;2.1384;0.1897;0.6605;1.3126;1.6503;1.6780;3.6321;1.4716;1.4622;2.7962;1.5522;4.4100;0.6230;1.7312;1.1431;0.9845;0.5715;1.7138;1.1004;1.2484;0.7105;1.6220;0.2078;1.3904;0.1238;1.5293;0.6253;1.6652;0.9781;1.4972;0.7671;3.8311;1.0211;0.2758;0.3628;1.3111;0.9724;0.6204;1.6549;1.4307;0.4753;1.1599;0.6694;1.7698;0.2663;0.2082;2.0349;0.8713;1.1395;0.2605;0.6928;0.5962;0.2867;2.2947;1.6657;0.5044;1.0981;1.6279;0.2079;1.0339;0.5423;1.7138;0.2678;1.6598;1.7000;1.4008;1.6533;0.8691;1.5257;1.0100;0.9802;1.7389;0.8141;1.0685;6.2523;0.7273;0.9876;1.3879;1.5687;0.6146;1.1545;0.4947;0.8188;0.7376;0.4946;0.8374
98A0;6.6899;0.3638;2.1980;0.6133;0.3806;0.6892;0.9482;0.0000;0.6851;0.5059;0.8575;0.6775;0.8714;5.4451;0.3175;0.2926;3.1624;0.4672;0.4767;1.4409;0.7983;1.5157;0.3891;0.8001;0.8155;4.5700;0.5400;0.5622;2.3726;0.6606;5.3527;0.6940;0.8728;0.2618;0.0598;0.6811;0.8246;0.3060;0.3315;1.2048;0.7277;1.0465;2.3278;1.0423;0.6883;0.3294;0.8560;0.2115;0.6842;1.2344;3.4809;0.5317;1.1974;0.5870;0.4814;1.8973;1.5349;0.7423;0.5121;0.8760;2.1010;0.7066;0.9500;0.6899;0.9715;1.3621;0.2920;0.1995;1.1781;0.6295;0.7230;0.7056;1.8104;0.8511;1.2868;2.0407;0.7095;0.8282;0.2743;1.3531;0.9062;1.1802;0.7390;0.8014;0.6019;0.7495;0.5232;2.4591;1.9501;0.3961;0.8606;1.7437;1.9690;7.1953;0.6055;0.4258;0.4467;2.4934;1.3666;0.3862;1.3606;0.6264;0.3334;0.5556;1.7530
174A1;7.2604;0.7532;2.4706;0.9754;0.6940;1.2908;1.5480;0.6851;0.0000;1.0978;0.6793;0.5175;0.8420;6.0189;0.8909;0.5078;3.6960;0.5873;0.4578;1.5952;1.3885;2.0229;0.4906;0.8813;0.7737;5.1129;0.5057;0.5449;2.6258;0.4410;5.9237;1.2137;0.8148;0.6293;0.6590;1.1789;0.7515;0.7877;0.4767;1.7946;0.7748;1.5988;2.8849;1.6403;0.7211;0.9505;0.9464;0.7137;0.8926;1.8717;3.7876;1.0698;1.7992;1.2021;0.7547;2.5142;2.1024;0.6865;0.5186;1.3221;2.6687;1.2319;1.0619;1.3108;1.5195;1.5248;0.9204;0.5042;1.7776;1.2004;1.1273;1.3469;2.0388;0.5133;1.7917;2.6156;0.6535;1.3836;0.8051;1.8624;1.0063;1.7822;0.6441;0.6822;0.8803;0.6965;0.8677;3.0450;2.5415;0.7838;0.6649;2.2933;2.4888;7.7572;1.1876;0.7457;0.4278;3.0279;1.8271;0.6057;1.8798;0.9997;1.0135;1.0859;2.3040
6D1;6.2853;0.7245;2.2384;0.4361;0.5740;0.4342;0.6344;0.5059;1.0978;0.0000;1.0656;1.0846;1.1589;5.0340;0.2854;0.7438;2.7591;0.9136;0.8242;1.7174;0.5727;1.2206;0.8315;1.1120;1.0770;4.1682;0.9655;0.9254;2.4193;1.0516;4.9614;0.3675;1.1939;0.7242;0.5221;0.3363;1.2189;0.6466;0.8088;0.8907;1.1076;0.7663;1.9524;0.6824;0.9204;0.3371;1.1423;0.5479;1.0173;0.8562;3.6184;0.6513;0.8172;0.3881;0.7722;1.5322;1.1252;1.1586;0.9275;0.7214;1.7201;0.2809;1.2487;0.4397;0.6250;1.5537;0.4546;0.6756;0.7957;0.7233;0.6527;0.4338;1.8799;1.1480;0.9018;1.6826;1.1113;0.5300;0.5979;0.9606;1.2167;0.7940;1.1734;1.1683;0.8734;1.1806;0.4343;2.0410;1.5896;0.4471;1.1423;1.3728;1.5673;6.7980;0.2380;0.5017;0.9263;2.0921;1.1011;0.6799;1.0059;0.4296;0.3656;0.4005;1.3978
192E1;7.3126;0.8021;2.1553;1.0395;0.6475;1.4349;1.6759;0.8575;0.6793;1.0656;0.0000;0.5943;0.5192;6.0583;1.0003;0.6938;3.7663;0.7184;0.5747;1.4390;1.5647;2.2056;0.6887;0.7030;0.3654;5.1779;0.6168;0.5446;2.2914;0.6161;5.9933;1.2085;0.6819;0.8529;0.8135;1.2257;0.7810;0.8631;0.7682;1.8292;0.7118;1.7704;2.9850;1.7355;0.3155;1.1176;0.7848;0.8875;0.8463;1.7814;3.6328;1.0977;1.8743;1.3538;0.6602;2.5956;2.1627;0.7377;0.6349;1.5698;2.7599;1.1456;0.8562;1.4430;1.6393;1.2572;0.9889;0.7320;1.8521;1.4501;1.3984;1.4502;1.7401;0.5872;1.8736;2.7304;0.6580;1.5288;0.9029;1.9399;0.8880;1.8513;0.7511;0.6337;0.7379;0.8078;0.9356;3.0784;2.6427;0.7564;0.2867;2.4012;2.5623;7.8202;1.0741;0.8165;0.7053;3.0990;2.0331;0.7513;2.0052;1.0301;1.0836;1.2663;2.4207
8B1;7.3317;0.4734;1.9672;1.0664;0.7381;1.3503;1.6024;0.6775;0.5175;1.0846;0.5943;0.0000;0.4063;6.0865;0.9643;0.3880;3.8135;0.3002;0.3390;1.2524;1.4597;2.1839;0.3022;0.3895;0.4872;5.2255;0.1494;0.1773;2.1183;0.1955;6.0068;1.3081;0.3174;0.4958;0.6571;1.2263;0.2543;0.5585;0.3982;1.7017;0.3341;1.7122;2.9888;1.6920;0.4553;0.9840;0.4400;0.6366;0.4374;1.7199;3.3625;0.8123;1.8462;1.2488;0.4036;2.5248;2.1676;0.2180;0.1747;1.5246;2.7576;1.2763;0.5988;1.3517;1.6082;1.0104;0.7758;0.5055;1.8264;1.2424;1.3526;1.3470;1.5425;0.4700;1.9304;2.7003;0.1734;1.4824;0.6128;1.9956;0.4953;1.8274;0.2109;0.1778;0.4745;0.2552;0.9485;3.0882;2.6078;0.8672;0.3888;2.4019;2.6158;7.8491;1.1570;0.7572;0.3176;3.1460;2.0252;0.5220;2.0153;1.0606;0.9182;1.1708;2.4208
14E1;7.4059;0.6116;1.7353;1.2263;0.8120;1.5017;1.7407;0.8714;0.8420;1.1589;0.5192;0.4063;0.0000;6.1553;1.1131;0.6424;3.9118;0.5236;0.6050;1.0633;1.6242;2.3445;0.5953;0.2327;0.2595;5.3130;0.4542;0.4119;1.8713;0.5524;6.0882;1.3829;0.3125;0.7481;0.8410;1.3586;0.4118;0.7069;0.7070;1.7854;0.3244;1.8724;3.0996;1.8134;0.3130;1.1621;0.3441;0.8536;0.4545;1.7267;3.1681;0.8983;1.9530;1.4053;0.4546;2.6226;2.2717;0.3935;0.4799;1.7269;2.8653;1.3168;0.3704;1.4936;1.7544;0.7773;0.9066;0.7489;1.9339;1.4196;1.5676;1.4739;1.3320;0.7026;2.0521;2.8176;0.3329;1.6385;0.7731;2.1145;0.4135;1.9316;0.4427;0.3177;0.4124;0.4726;1.1149;3.1653;2.7157;0.9527;0.3032;2.5246;2.7257;7.9268;1.1692;0.9374;0.6228;3.2475;2.2025;0.7644;2.1551;1.2054;1.0308;1.3615;2.5428
19B1;1.2566;5.6609;6.3055;5.1414;5.5384;4.7612;4.5019;5.4451;6.0189;5.0340;6.0583;6.0865;6.1553;0.0000;5.1753;5.7222;2.3537;5.8775;5.8123;6.3391;4.6682;4.0349;5.8059;6.0662;6.0838;1.0281;5.9602;5.9325;6.4599;6.0298;0.4166;4.9112;6.1599;5.6357;5.4772;4.9123;6.1741;5.5632;5.7482;4.5209;6.0724;4.4348;3.1459;4.4046;5.9368;5.1255;6.0592;5.4627;5.9150;4.5048;7.0663;5.3894;4.2485;4.8633;5.7504;3.5850;3.9320;6.1279;5.9163;4.7294;3.3557;4.9286;6.1450;4.7593;4.5083;6.2417;5.3286;5.6381;4.2684;5.0482;4.9256;4.7524;6.2090;6.0894;4.2456;3.4235;6.1007;4.6422;5.5002;4.1737;6.1042;4.2666;6.1414;6.1605;5.8086;6.1275;5.2476;3.0020;3.5084;5.3839;6.1664;3.7286;3.5488;1.8062;5.0340;5.4081;5.8879;3.0089;4.2448;5.6149;4.1431;5.1444;5.1942;4.9574;3.7342
159A0;6.4228;0.6430;2.3639;0.4601;0.4340;0.4501;0.7040;0.3175;0.8909;0.2854;1.0003;0.9643;1.1131;5.1753;0.0000;0.5916;2.8771;0.7744;0.7106;1.6578;0.5724;1.2434;0.6889;1.0672;1.0201;4.2883;0.8343;0.8303;2.5412;0.9262;5.0848;0.3977;1.1413;0.5713;0.3298;0.4610;1.1238;0.5698;0.6347;1.0750;1.0144;0.7867;2.0532;0.7840;0.8763;0.1992;1.1182;0.4352;0.9629;1.0883;3.6579;0.6863;0.9352;0.3700;0.7294;1.6663;1.2626;1.0458;0.8053;0.6230;1.8289;0.4315;1.2087;0.4609;0.7039;1.5926;0.4213;0.4854;0.9143;0.5791;0.4911;0.5017;1.9902;1.0507;0.9839;1.7789;1.0047;0.5600;0.5213;1.0522;1.1809;0.9166;1.0462;1.0832;0.8480;1.0595;0.4211;2.1941;1.6928;0.3168;1.0746;1.4653;1.6754;6.9234;0.4024;0.4595;0.7465;2.2052;1.0909;0.5859;1.0734;0.4845;0.3486;0.3519;1.4750
99A0;6.9667;0.2571;2.0891;0.7708;0.4666;0.9706;1.2269;0.2926;0.5078;0.7438;0.6938;0.3880;0.6424;5.7222;0.5916;0.0000;3.4425;0.2300;0.2588;1.3334;1.0791;1.8000;0.1011;0.5776;0.6244;4.8527;0.2564;0.2929;2.2570;0.3872;5.6348;0.9556;0.6130;0.1720;0.2789;0.8967;0.5536;0.2830;0.1125;1.3983;0.4986;1.3299;2.6118;1.3202;0.5176;0.6045;0.6354;0.2899;0.4984;1.4342;3.4210;0.5788;1.4759;0.8686;0.3199;2.1648;1.8052;0.4746;0.2263;1.1462;2.3832;0.9452;0.7600;0.9733;1.2404;1.1908;0.4496;0.1379;1.4563;0.8770;0.9803;0.9786;1.6798;0.6258;1.5620;2.3235;0.4388;1.1058;0.3088;1.6278;0.6900;1.4581;0.4669;0.5220;0.4538;0.4859;0.6582;2.7297;2.2327;0.5598;0.6251;2.0259;2.2466;7.4775;0.8336;0.4897;0.2022;2.7743;1.6447;0.2977;1.6396;0.7752;0.5652;0.8064;2.0399
108A0;3.5901;3.4174;4.4130;2.8402;3.2418;2.4796;2.2297;3.1624;3.6960;2.7591;3.7663;3.8135;3.9118;2.3537;2.8771;3.4425;0.0000;3.6153;3.5253;4.2099;2.3909;1.7195;3.5298;3.8416;3.8210;1.4240;3.6881;3.6620;4.5892;3.7471;2.2727;2.6102;3.9217;3.3708;3.1918;2.6244;3.9321;3.3196;3.4676;2.3792;3.8322;2.1377;0.8652;2.1309;3.6704;2.8437;3.8474;3.1930;3.7011;2.3963;5.4348;3.1893;1.9816;2.5858;3.5063;1.4466;1.6551;3.8776;3.6462;2.4052;1.0819;2.6412;3.9442;2.4870;2.2114;4.1274;3.0848;3.3481;1.9986;2.8057;2.5984;2.4980;4.2113;3.7948;1.9161;1.1781;3.8449;2.3423;3.2545;1.8454;3.9037;1.9992;3.8852;3.9051;3.5862;3.8802;2.9469;0.8544;1.2846;3.0807;3.8889;1.4230;1.2135;4.0783;2.7723;3.1194;3.6048;0.6733;1.9133;3.3370;1.8191;2.8514;2.9483;2.6636;1.4331
170A0;7.1214;0.2628;1.9851;0.9892;0.5857;1.1403;1.3919;0.4672;0.5873;0.9136;0.7184;0.3002;0.5236;5.8775;0.7744;0.2300;3.6153;0.0000;0.3958;1.1326;1.2433;1.9740;0.1952;0.4254;0.5522;5.0174;0.1657;0.2888;2.1434;0.4044;5.7863;1.1191;0.5121;0.2827;0.4476;1.0996;0.3980;0.3458;0.2500;1.5402;0.2946;1.5024;2.7760;1.4869;0.5023;0.7818;0.5164;0.4766;0.3464;1.5470;3.2451;0.6365;1.6383;1.0346;0.3116;2.3104;1.9801;0.2855;0.1886;1.3323;2.5470;1.1096;0.5732;1.1323;1.4270;1.0486;0.5697;0.3302;1.6204;0.9695;1.1699;1.1294;1.5892;0.7000;1.7505;2.4818;0.2678;1.2889;0.4045;1.8159;0.5340;1.6211;0.2809;0.4118;0.3619;0.2968;0.8774;2.8906;2.3851;0.7155;0.5904;2.1979;2.4285;7.6314;0.9680;0.7024;0.1740;2.9483;1.8285;0.4865;1.8239;0.9880;0.6872;1.0028;2.2060
37A0;7.0577;0.4202;2.0781;0.7356;0.5753;1.0937;1.3422;0.4767;0.4578;0.8242;0.5747;0.3390;0.6050;5.8123;0.7106;0.2588;3.5253;0.3958;0.0000;1.4845;1.2075;1.9118;0.2335;0.5965;0.6066;4.9437;0.2935;0.2139;2.2436;0.2356;5.7388;1.0599;0.5269;0.3832;0.4656;0.9165;0.5409;0.4523;0.2928;1.4682;0.5783;1.4457;2.7151;1.4256;0.4745;0.7358;0.6106;0.4079;0.5814;1.5043;3.5690;0.6972;1.5816;1.0004;0.3696;2.2728;1.8830;0.5159;0.2455;1.2552;2.4846;1.0197;0.8282;1.1058;1.3198;1.1887;0.5905;0.3347;1.5602;1.0943;1.0875;1.1060;1.6437;0.3854;1.6371;2.4353;0.4650;1.2050;0.4729;1.7015;0.7037;1.5621;0.5137;0.4534;0.5399;0.5380;0.6178;2.8130;2.3495;0.6497;0.4969;2.1228;2.3225;7.5766;0.9387;0.4296;0.3552;2.8587;1.7466;0.2235;1.7279;0.7320;0.7312;0.8838;2.1509
199E1;7.5717;1.2128;1.8344;1.9861;1.3929;1.9380;2.1384;1.4409;1.5952;1.7174;1.4390;1.2524;1.0633;6.3391;1.6578;1.3334;4.2099;1.1326;1.4845;0.0000;2.0254;2.6896;1.3194;0.9963;1.1016;5.5323;1.2221;1.3014;1.9215;1.4426;6.2321;1.8370;1.2339;1.3416;1.4130;2.0145;1.1482;1.2833;1.3702;2.2261;0.9305;2.2643;3.3755;2.2151;1.2155;1.6835;1.1267;1.5060;1.0246;2.1079;2.3361;1.3920;2.3238;1.8457;1.2112;2.8919;2.6833;1.0682;1.2681;2.1788;3.1598;1.8301;0.7526;1.8997;2.2450;1.0884;1.4442;1.3913;2.3134;1.6209;2.0536;1.8793;1.6434;1.6985;2.5094;3.0863;1.0863;2.1077;1.3445;2.5678;1.0326;2.3086;1.0929;1.2158;1.0464;1.0905;1.8900;3.4716;2.9677;1.5390;1.3206;2.8723;3.1156;8.0621;1.6257;1.7434;1.2552;3.5726;2.6003;1.5781;2.5765;1.9741;1.4755;1.9342;2.8467
147A0;5.9078;1.0675;2.5799;0.7318;0.9933;0.1438;0.1897;0.7983;1.3885;0.5727;1.5647;1.4597;1.6242;4.6682;0.5724;1.0791;2.3909;1.2433;1.2075;2.0254;0.0000;0.7590;1.1651;1.5311;1.5630;3.7916;1.3261;1.3293;2.7675;1.4097;4.5684;0.5743;1.6092;0.9902;0.8359;0.5374;1.5755;0.9691;1.0916;0.8007;1.4868;0.2757;1.5462;0.3090;1.4186;0.4784;1.5524;0.8399;1.3729;0.8709;3.7847;0.9275;0.4605;0.2209;1.1928;1.1398;0.8008;1.5117;1.2879;0.3790;1.3218;0.6469;1.6538;0.1497;0.2997;1.9511;0.7507;0.9856;0.4458;0.5362;0.4606;0.2210;2.2523;1.5384;0.6257;1.2525;1.4881;0.1802;0.9022;0.6767;1.5963;0.4533;1.5120;1.5673;1.2883;1.5064;0.7792;1.7037;1.1677;0.8670;1.6191;0.9699;1.2270;6.4110;0.6843;0.8806;1.2294;1.7296;0.6704;1.0248;0.6264;0.7544;0.6212;0.3705;0.9820
168A0;5.2675;1.8160;3.2477;1.3103;1.6266;0.8602;0.6605;1.5157;2.0229;1.2206;2.2056;2.1839;2.3445;4.0349;1.2434;1.8000;1.7195;1.9740;1.9118;2.6896;0.7590;0.0000;1.8897;2.2721;2.2483;3.1117;2.0524;2.0533;3.4352;2.1215;3.9153;1.0473;2.3497;1.7283;1.5443;1.1152;2.3213;1.7202;1.8112;1.1830;2.2218;0.4874;0.8970;0.6134;2.1061;1.2090;2.3010;1.5751;2.1257;1.2755;4.3349;1.6688;0.5461;0.9601;1.9315;0.8209;0.5330;2.2505;2.0175;0.7037;0.7230;1.1424;2.3868;0.8767;0.6599;2.6899;1.5032;1.6915;0.5533;1.1494;0.9010;0.9330;2.9485;2.2076;0.4496;0.6677;2.2225;0.7235;1.6546;0.4315;2.3502;0.5646;2.2465;2.3020;2.0268;2.2476;1.3945;1.1949;0.6455;1.4754;2.3097;0.3853;0.6158;5.7456;1.2676;1.5515;1.9391;1.0704;0.2393;1.7378;0.2922;1.3410;1.3621;1.0472;0.3461
100B0;7.0495;0.2766;2.0512;0.8375;0.5518;1.0583;1.3126;0.3891;0.4906;0.8315;0.6887;0.3022;0.5953;5.8059;0.6889;0.1011;3.5298;0.1952;0.2335;1.3194;1.1651;1.8897;0.0000;0.5242;0.6055;4.9401;0.1823;0.2272;2.2178;0.3069;5.7202;1.0539;0.5351;0.2159;0.3791;0.9723;0.4662;0.3235;0.1228;1.4525;0.4483;1.4182;2.6996;1.4066;0.5124;0.6922;0.5734;0.3518;0.4555;1.4964;3.3997;0.6049;1.5627;0.9562;0.3134;2.2433;1.8892;0.3960;0.1418;1.2352;2.4701;1.0381;0.7189;1.0616;1.3251;1.1403;0.5169;0.2314;1.5432;0.9574;1.0688;1.0632;1.6356;0.5708;1.6529;2.4096;0.3639;1.1936;0.3591;1.7179;0.6270;1.5449;0.3855;0.4369;0.4393;0.4041;0.7231;2.8119;2.3188;0.6525;0.5814;2.1140;2.3352;7.5631;0.9244;0.5419;0.1751;2.8628;1.7343;0.3154;1.7285;0.8395;0.6450;0.8873;2.1302
220E1;7.3125;0.4778;1.6333;1.2073;0.8330;1.4169;1.6503;0.8001;0.8813;1.1120;0.7030;0.3895;0.2327;6.0662;1.0672;0.5776;3.8416;0.4254;0.5965;0.9963;1.5311;2.2721;0.5242;0.0000;0.4304;5.2366;0.4032;0.3899;1.7810;0.5461;5.9953;1.3633;0.2719;0.6367;0.7813;1.3118;0.3000;0.5751;0.6299;1.6654;0.2074;1.7918;3.0180;1.7295;0.4394;1.0795;0.1857;0.7593;0.2405;1.6189;3.0355;0.7375;1.8694;1.3169;0.3575;2.5117;2.1969;0.2881;0.4161;1.6698;2.7822;1.3038;0.2558;1.4039;1.6835;0.6672;0.7906;0.6978;1.8519;1.3032;1.5205;1.3754;1.2342;0.7673;2.0066;2.7254;0.2593;1.5669;0.6451;2.0668;0.2169;1.8496;0.3522;0.2922;0.2633;0.3485;1.0983;3.0793;2.6205;0.9661;0.4851;2.4491;2.6677;7.8372;1.1377;0.9104;0.5685;3.1810;2.1432;0.7106;2.0925;1.1855;0.9220;1.2895;2.4671
2E1;7.3374;0.6528;1.9327;1.1611;0.6549;1.4342;1.6780;0.8155;0.7737;1.0770;0.3654;0.4872;0.2595;6.0838;1.0201;0.6244;3.8210;0.5522;0.6066;1.1016;1.5630;2.2483;0.6055;0.4304;0.0000;5.2226;0.4998;0.4635;2.0701;0.6136;6.0117;1.2479;0.5287;0.7612;0.7735;1.2977;0.5970;0.7348;0.7069;1.7773;0.4379;1.7937;3.0149;1.7462;0.1876;1.1078;0.5692;0.8447;0.6078;1.7300;3.2758;0.9468;1.8832;1.3434;0.5112;2.5794;2.2003;0.5266;0.5317;1.6270;2.7859;1.1910;0.5217;1.4310;1.6842;1.0001;0.9081;0.6979;1.8631;1.3601;1.4621;1.4270;1.5383;0.7266;1.9468;2.7438;0.4499;1.5619;0.7933;2.0115;0.6419;1.8610;0.5554;0.4820;0.4931;0.6087;1.0511;3.1012;2.6455;0.8027;0.2875;2.4399;2.6290;7.8469;1.0584;0.9006;0.6104;3.1542;2.0967;0.7755;2.0611;1.1485;0.9968;1.3077;2.4503
109A0;2.2104;4.8166;5.6707;4.2632;4.6465;3.8852;3.6321;4.5700;5.1129;4.1682;5.1779;5.2255;5.3130;1.0281;4.2883;4.8527;1.4240;5.0174;4.9437;5.5323;3.7916;3.1117;4.9401;5.2366;5.2226;0.0000;5.0975;5.0747;5.8364;5.1644;0.9176;4.0123;5.3275;4.7750;4.5993;4.0442;5.3351;4.7188;4.8770;3.7367;5.2276;3.5416;2.2462;3.5358;5.0764;4.2521;5.2423;4.6028;5.0909;3.7402;6.5027;4.5744;3.3828;3.9899;4.9091;2.7791;3.0663;5.2795;5.0565;3.8094;2.4724;4.0452;5.3242;3.8881;3.6278;5.4832;4.4844;4.7586;3.4014;4.1737;4.0043;3.8957;5.5215;5.2176;3.3346;2.5473;5.2491;3.7552;4.6547;3.2648;5.2923;3.4012;5.2880;5.3142;4.9783;5.2806;4.3697;2.1854;2.6453;4.4883;5.3023;2.8311;2.6349;2.6615;4.1674;4.5400;5.0120;2.0907;3.3097;4.7538;3.2351;4.2731;4.3439;4.0790;2.8268
124A0;7.2053;0.3477;1.9881;0.9793;0.6251;1.2186;1.4716;0.5400;0.5057;0.9655;0.6168;0.1494;0.4542;5.9602;0.8343;0.2564;3.6881;0.1657;0.2935;1.2221;1.3261;2.0524;0.1823;0.4032;0.4998;5.0975;0.0000;0.1586;2.1438;0.2506;5.8760;1.1824;0.4069;0.3606;0.5189;1.1226;0.3250;0.4310;0.2748;1.6024;0.3135;1.5805;2.8582;1.5629;0.4414;0.8522;0.4714;0.5189;0.3888;1.6128;3.3421;0.7129;1.7168;1.1154;0.3180;2.3974;2.0457;0.2455;0.0736;1.3973;2.6279;1.1594;0.5998;1.2169;1.4858;1.0414;0.6473;0.3731;1.6975;1.0979;1.2282;1.2138;1.5734;0.5450;1.8080;2.5684;0.2042;1.3551;0.4852;1.8737;0.5181;1.6985;0.2395;0.2916;0.4072;0.2722;0.8625;2.9652;2.4748;0.7527;0.4632;2.2733;2.4926;7.7192;1.0350;0.6763;0.1992;3.0200;1.8975;0.4449;1.8897;0.9756;0.7836;1.0506;2.2885
219D1;7.1791;0.3678;1.9332;0.9115;0.6289;1.2137;1.4622;0.5622;0.5449;0.9254;0.5446;0.1773;0.4119;5.9325;0.8303;0.2929;3.6620;0.2888;0.2139;1.3014;1.3293;2.0533;0.2272;0.3899;0.4635;5.0747;0.1586;0.0000;2.0926;0.2143;5.8587;1.1676;0.3446;0.4136;0.5444;1.0661;0.3569;0.4421;0.3407;1.5498;0.3812;1.5791;2.8439;1.5462;0.3690;0.8529;0.4248;0.5062;0.4140;1.5617;3.3879;0.6873;1.6984;1.1152;0.2675;2.3787;2.0132;0.3271;0.1253;1.4075;2.6110;1.1219;0.6232;1.2166;1.4615;1.0081;0.6402;0.4145;1.6782;1.1580;1.2425;1.2077;1.5049;0.4501;1.7826;2.5583;0.2658;1.3425;0.4912;1.8463;0.5124;1.6787;0.3405;0.2616;0.3891;0.3676;0.7944;2.9321;2.4656;0.7410;0.3825;2.2570;2.4648;7.6994;1.0053;0.6014;0.3246;2.9953;1.8987;0.3826;1.8721;0.9012;0.7847;1.0336;2.2803
25E1;7.6500;2.0418;0.2176;2.5701;2.4527;2.6839;2.7962;2.3726;2.6258;2.4193;2.2914;2.1183;1.8713;6.4599;2.5412;2.2570;4.5892;2.1434;2.2436;1.9215;2.7675;3.4352;2.2178;1.7810;2.0701;5.8364;2.1438;2.0926;0.0000;2.2079;6.4609;2.7276;1.8276;2.2347;2.3775;2.5647;1.9209;2.0820;2.3021;2.4589;1.9444;2.9982;3.8784;2.8309;2.0741;2.4909;1.6821;2.2714;1.7999;2.2511;2.3793;1.9615;2.9064;2.6162;1.9560;3.2436;3.1396;2.0023;2.1303;3.0656;3.6492;2.6022;1.7101;2.6495;2.8585;1.1262;2.1664;2.3651;2.8985;2.6721;2.9936;2.5563;0.6434;2.3246;3.1727;3.6029;2.0137;2.8206;2.1211;3.2026;1.6448;2.8896;2.0621;1.9644;1.8441;2.0153;2.5114;3.7407;3.4810;2.5272;2.1075;3.4388;3.6357;8.2328;2.4224;2.3656;2.3059;4.0326;3.4047;2.2478;3.2322;2.5149;2.2693;2.6324;3.4866
80A0;7.2730;0.5215;2.0514;0.9589;0.7555;1.3031;1.5522;0.6606;0.4410;1.0516;0.6161;0.1955;0.5524;6.0298;0.9262;0.3872;3.7471;0.4044;0.2356;1.4426;1.4097;2.1215;0.3069;0.5461;0.6136;5.1644;0.2506;0.2143;2.2079;0.0000;5.9541;1.2834;0.4092;0.4933;0.6481;1.1424;0.3894;0.5821;0.3776;1.6568;0.5178;1.6545;2.9320;1.6410;0.5374;0.9387;0.5495;0.5903;0.5615;1.6963;3.5295;0.8280;1.7984;1.2057;0.4630;2.4781;2.1040;0.3953;0.2289;1.4557;2.7017;1.2496;0.7774;1.3121;1.5375;1.1280;0.7660;0.4888;1.7777;1.2478;1.2832;1.3102;1.6126;0.3193;1.8629;2.6474;0.3622;1.4200;0.6186;1.9275;0.6251;1.7798;0.3814;0.3091;0.5895;0.4076;0.8429;3.0311;2.5610;0.8564;0.4503;2.3407;2.5468;7.7934;1.1575;0.6532;0.3650;3.0814;1.9550;0.4184;1.9475;0.9551;0.9181;1.0927;2.3675
58A0;1.3934;5.5788;6.3036;5.0799;5.4482;4.6678;4.4100;5.3527;5.9237;4.9614;5.9933;6.0068;6.0882;0.4166;5.0848;5.6348;2.2727;5.7863;5.7388;6.2321;4.5684;3.9153;5.7202;5.9953;6.0117;0.9176;5.8760;5.8587;6.4609;5.9541;0.0000;4.8213;6.0967;5.5447;5.3842;4.8497;6.0968;5.4808;5.6566;4.4738;5.9877;4.3313;3.0395;4.3182;5.8690;5.0347;5.9967;5.3808;5.8379;4.4662;6.9746;5.3180;4.1633;4.7691;5.6789;3.5056;3.8626;6.0433;5.8349;4.6170;3.2598;4.8540;6.0681;4.6644;4.4266;6.1949;5.2481;5.5456;4.1839;4.9223;4.8144;4.6638;6.1986;6.0275;4.1603;3.3166;6.0186;4.5511;5.4176;4.0907;6.0361;4.1829;6.0536;6.0889;5.7355;6.0404;5.1834;2.9508;3.4041;5.2963;6.1017;3.6327;3.4680;1.8470;4.9573;5.3431;5.7920;2.9230;4.1268;5.5433;4.0494;5.0870;5.1075;4.8728;3.6243
110B0;6.1631;0.9848;2.5534;0.6374;0.6380;0.4694;0.6230;0.6940;1.2137;0.3675;1.2085;1.3081;1.3829;4.9112;0.3977;0.9556;2.6102;1.1191;1.0599;1.8370;0.5743;1.0473;1.0539;1.3633;1.2479;4.0123;1.1824;1.1676;2.7276;1.2834;4.8213;0.0000;1.4654;0.9515;0.6930;0.5405;1.4709;0.9167;1.0137;1.0828;1.3219;0.6705;1.8086;0.6515;1.1141;0.5249;1.4280;0.8147;1.2830;1.0453;3.7814;0.9699;0.7602;0.4699;1.0440;1.4992;1.0598;1.3848;1.1600;0.5791;1.5934;0.1896;1.4724;0.4787;0.6109;1.8492;0.7477;0.8521;0.7399;0.7231;0.5320;0.5383;2.2101;1.3721;0.7393;1.5625;1.3354;0.4997;0.8740;0.8071;1.4949;0.7395;1.3907;1.4164;1.1334;1.4098;0.6569;1.9605;1.4784;0.4811;1.3430;1.2400;1.4172;6.6521;0.3130;0.7709;1.1010;1.9398;0.9107;0.9518;0.8652;0.6590;0.6165;0.5439;1.2366
4D1;7.4046;0.5778;1.6805;1.1912;0.9336;1.4961;1.7312;0.8728;0.8148;1.1939;0.6819;0.3174;0.3125;6.1599;1.1413;0.6130;3.9217;0.5121;0.5269;1.2339;1.6092;2.3497;0.5351;0.2719;0.5287;5.3275;0.4069;0.3446;1.8276;0.4092;6.0967;1.4654;0.0000;0.6865;0.8596;1.3337;0.2280;0.6658;0.6430;1.7275;0.3873;1.8674;3.1079;1.8112;0.5070;1.1456;0.2069;0.7901;0.3949;1.7085;3.2279;0.8319;1.9577;1.3975;0.4436;2.6031;2.2674;0.3242;0.4023;1.7266;2.8707;1.3987;0.4990;1.4921;1.7388;0.7384;0.8749;0.7427;1.9386;1.4305;1.5706;1.4648;1.2477;0.5767;2.0729;2.8173;0.2999;1.6315;0.7251;2.1330;0.2995;1.9377;0.3705;0.1536;0.4558;0.3657;1.0804;3.1629;2.7188;1.0527;0.4177;2.5290;2.7386;7.9368;1.2615;0.8817;0.6027;3.2612;2.2084;0.6627;2.1603;1.1683;1.0340;1.3235;2.5584
54A0;6.8767;0.2149;2.0630;0.7795;0.5539;0.8943;1.1431;0.2618;0.6293;0.7242;0.8529;0.4958;0.7481;5.6357;0.5713;0.1720;3.3708;0.2827;0.3832;1.3416;0.9902;1.7283;0.2159;0.6367;0.7612;4.7750;0.3606;0.4136;2.2347;0.4933;5.5447;0.9515;0.6865;0.0000;0.2761;0.8687;0.6016;0.1998;0.1572;1.3160;0.5570;1.2527;2.5318;1.2430;0.6550;0.5331;0.6739;0.2306;0.4919;1.3511;3.3683;0.4896;1.3988;0.7882;0.3670;2.0649;1.7354;0.5333;0.3263;1.0930;2.3027;0.9505;0.8019;0.8901;1.1751;1.1951;0.3549;0.2054;1.3808;0.7704;0.9417;0.8875;1.6667;0.7493;1.5177;2.2354;0.5200;1.0403;0.2081;1.5814;0.7067;1.3828;0.5272;0.6123;0.4835;0.5226;0.6784;2.6489;2.1425;0.6222;0.7727;1.9519;2.1873;7.3894;0.8293;0.5189;0.2934;2.7063;1.5857;0.3315;1.5792;0.7827;0.4808;0.7426;1.9658
163A0;6.7230;0.3661;2.2058;0.6348;0.3276;0.7250;0.9845;0.0598;0.6590;0.5221;0.8135;0.6571;0.8410;5.4772;0.3298;0.2789;3.1918;0.4476;0.4656;1.4130;0.8359;1.5443;0.3791;0.7813;0.7735;4.5993;0.5189;0.5444;2.3775;0.6481;5.3842;0.6930;0.8596;0.2761;0.0000;0.7117;0.8128;0.3227;0.3280;1.2510;0.7031;1.0793;2.3583;1.0762;0.6494;0.3716;0.8474;0.2551;0.6783;1.2687;3.4802;0.5674;1.2297;0.6243;0.4708;1.9359;1.5677;0.7244;0.4973;0.9007;2.1324;0.7064;0.9274;0.7248;1.0058;1.3572;0.3304;0.1764;1.2103;0.6562;0.7429;0.7431;1.8180;0.8384;1.3099;2.0738;0.6880;0.8611;0.3028;1.3773;0.8985;1.2121;0.7209;0.7843;0.5893;0.7362;0.5415;2.4925;1.9830;0.3597;0.8259;1.7742;1.9961;7.2263;0.6033;0.4437;0.4234;2.5215;1.3923;0.4012;1.3891;0.6479;0.3692;0.5955;1.7814
39B0;6.1585;0.9121;2.3771;0.2616;0.8145;0.4320;0.5715;0.6811;1.1789;0.3363;1.2257;1.2263;1.3586;4.9123;0.4610;0.8967;2.6244;1.0996;0.9165;2.0145;0.5374;1.1152;0.9723;1.3118;1.2977;4.0442;1.1226;1.0661;2.5647;1.1424;4.8497;0.5405;1.3337;0.8687;0.7117;0.0000;1.3683;0.8265;0.9367;0.8031;1.3196;0.6822;1.8412;0.6077;1.1253;0.4398;1.3071;0.6549;1.2092;0.8536;3.8756;0.8010;0.7464;0.4299;0.9582;1.4343;0.9882;1.3321;1.0721;0.6483;1.6095;0.4712;1.4863;0.4727;0.4699;1.7367;0.6271;0.8300;0.7224;0.8717;0.6141;0.4698;2.0038;1.1821;0.7800;1.5797;1.2883;0.4369;0.7654;0.8322;1.3930;0.7248;1.3413;1.3132;1.0930;1.3443;0.3453;1.9181;1.5029;0.6743;1.2983;1.2537;1.4292;6.6804;0.5508;0.4985;1.0854;1.9637;0.9855;0.7334;0.8756;0.2606;0.5860;0.2921;1.3063
212C1;7.4160;0.5284;1.7745;1.2349;0.9269;1.4727;1.7138;0.8246;0.7515;1.2189;0.7810;0.2543;0.4118;6.1741;1.1238;0.5536;3.9321;0.3980;0.5409;1.1482;1.5755;2.3213;0.4662;0.3000;0.5970;5.3351;0.3250;0.3569;1.9209;0.3894;6.0968;1.4709;0.2280;0.6016;0.8128;1.3683;0.0000;0.6214;0.5537;1.7547;0.2913;1.8405;3.1015;1.8048;0.5955;1.1141;0.3010;0.7596;0.3324;1.7533;3.1733;0.8219;1.9552;1.3686;0.4663;2.5988;2.2817;0.1517;0.3393;1.6861;2.8673;1.4312;0.4802;1.4656;1.7384;0.8125;0.8523;0.6816;1.9372;1.3350;1.5263;1.4451;1.3611;0.6486;2.0809;2.8039;0.1902;1.6175;0.6835;2.1431;0.2990;1.9372;0.1856;0.1710;0.4656;0.1554;1.1216;3.1813;2.7054;1.0570;0.5315;2.5238;2.7501;7.9410;1.2872;0.9215;0.4876;3.2697;2.1794;0.6721;2.1554;1.2209;1.0061;1.3090;2.5444
67B0;6.8063;0.1042;1.9072;0.7736;0.5637;0.8646;1.1004;0.3060;0.7877;0.6466;0.8631;0.5585;0.7069;5.5632;0.5698;0.2830;3.3196;0.3458;0.4523;1.2833;0.9691;1.7202;0.3235;0.5751;0.7348;4.7188;0.4310;0.4421;2.0820;0.5821;5.4808;0.9167;0.6658;0.1998;0.3227;0.8265;0.6214;0.0000;0.3301;1.2105;0.5438;1.2364;2.4845;1.1910;0.6176;0.5257;0.6012;0.2468;0.4152;1.2075;3.2555;0.3296;1.3392;0.7608;0.2696;1.9904;1.6757;0.5655;0.3915;1.1281;2.2507;0.8868;0.7283;0.8521;1.1430;1.0752;0.2399;0.3317;1.3219;0.7836;0.9969;0.8284;1.5209;0.8222;1.4892;2.1867;0.5451;1.0199;0.0730;1.5490;0.6388;1.3217;0.5819;0.6288;0.3637;0.5682;0.6798;2.5733;2.0869;0.6230;0.7804;1.9113;2.1453;7.3255;0.7363;0.5215;0.4325;2.6579;1.5961;0.3748;1.5546;0.7627;0.3867;0.7431;1.9292
69A0;6.9897;0.3110;2.1343;0.8079;0.5487;0.9931;1.2484;0.3315;0.4767;0.8088;0.7682;0.3982;0.7070;5.7482;0.6347;0.1125;3.4676;0.2500;0.2928;1.3702;1.0916;1.8112;0.1228;0.6299;0.7069;4.8770;0.2748;0.3407;2.3021;0.3776;5.6566;1.0137;0.6430;0.1572;0.3280;0.9367;0.5537;0.3301;0.0000;1.4323;0.5352;1.3438;2.6334;1.3475;0.6110;0.6267;0.6766;0.3151;0.5317;1.4837;3.4485;0.6198;1.5059;0.8900;0.4004;2.1867;1.8353;0.4807;0.2471;1.1496;2.4064;1.0159;0.8111;0.9967;1.2635;1.2334;0.4916;0.1728;1.4867;0.8737;0.9819;1.0050;1.7243;0.6330;1.5932;2.3423;0.4611;1.1269;0.3482;1.6591;0.7189;1.4894;0.4613;0.5437;0.5283;0.4740;0.6980;2.7599;2.2538;0.6345;0.6856;2.0480;2.2745;7.4997;0.9123;0.5318;0.1785;2.8007;1.6534;0.3196;1.6619;0.8165;0.6108;0.8195;2.0616
184E0;5.7527;1.3046;2.2534;1.0198;1.4133;0.7821;0.7105;1.2048;1.7946;0.8907;1.8292;1.7017;1.7854;4.5209;1.0750;1.3983;2.3792;1.5402;1.4682;2.2261;0.8007;1.1830;1.4525;1.6654;1.7773;3.7367;1.6024;1.5498;2.4589;1.6568;4.4738;1.0828;1.7275;1.3160;1.2510;0.8031;1.7547;1.2105;1.4323;0.0000;1.7081;0.8730;1.6240;0.7038;1.6326;0.9574;1.6301;1.1246;1.5243;0.5516;3.6223;0.9573;0.7366;0.8200;1.3743;1.0465;0.8704;1.7349;1.5438;1.0973;1.3936;1.0182;1.7853;0.7923;0.7493;1.8800;1.0182;1.3751;0.7298;1.1206;1.1615;0.7271;1.9675;1.7434;1.0042;1.3481;1.7105;0.8085;1.1516;1.0046;1.6849;0.7262;1.7543;1.7394;1.4269;1.7351;1.0736;1.5800;1.2580;1.3094;1.8239;1.1600;1.3603;6.3021;1.0056;1.1340;1.5833;1.7847;1.1952;1.2710;0.9871;1.0038;0.9339;0.8805;1.2266
180D0;7.3180;0.4415;1.8001;1.2129;0.7607;1.3787;1.6220;0.7277;0.7748;1.1076;0.7118;0.3341;0.3244;6.0724;1.0144;0.4986;3.8322;0.2946;0.5783;0.9305;1.4868;2.2218;0.4483;0.2074;0.4379;5.2276;0.3135;0.3812;1.9444;0.5178;5.9877;1.3219;0.3873;0.5570;0.7031;1.3196;0.2913;0.5438;0.5352;1.7081;0.0000;1.7476;2.9964;1.7094;0.4673;1.0324;0.3608;0.7260;0.2646;1.6751;3.0585;0.7668;1.8533;1.2747;0.3876;2.5104;2.1949;0.1819;0.3549;1.5999;2.7648;1.2906;0.3004;1.3647;1.6638;0.8264;0.7731;0.6060;1.8361;1.2033;1.4421;1.3492;1.4159;0.7856;1.9815;2.7022;0.1690;1.5322;0.6155;2.0452;0.3452;1.8349;0.2281;0.3222;0.3154;0.2420;1.1005;3.0884;2.5991;0.9095;0.5212;2.4256;2.6529;7.8323;1.1267;0.9179;0.4320;3.1674;2.0858;0.7054;2.0623;1.2013;0.8910;1.2573;2.4337
207A0;5.6742;1.3334;2.8101;0.8871;1.1956;0.3762;0.2078;1.0465;1.5988;0.7663;1.7704;1.7122;1.8724;4.4348;0.7867;1.3299;2.1377;1.5024;1.4457;2.2643;0.2757;0.4874;1.4182;1.7918;1.7937;3.5416;1.5805;1.5791;2.9982;1.6545;4.3313;0.6705;1.8674;1.2527;1.0793;0.6822;1.8405;1.2364;1.3438;0.8730;1.7476;0.0000;1.2979;0.2333;1.6480;0.7301;1.8156;1.0958;1.6422;0.9569;3.9884;1.1894;0.3170;0.4763;1.4500;0.9719;0.5984;1.7744;1.5431;0.3664;1.0809;0.7557;1.9136;0.3950;0.2537;2.2118;1.0171;1.2289;0.3062;0.7443;0.5385;0.4569;2.4918;1.7586;0.4059;1.0180;1.7472;0.2556;1.1699;0.4479;1.8647;0.3199;1.7733;1.8240;1.5476;1.7715;0.9577;1.4899;0.9464;1.0518;1.8504;0.7166;0.9702;6.1703;0.8483;1.0936;1.4783;1.4745;0.4143;1.2661;0.3655;0.9143;0.8822;0.5796;0.7246
134A0;4.3853;2.5827;3.6969;2.0686;2.4286;1.6420;1.3904;2.3278;2.8849;1.9524;2.9850;2.9888;3.0996;3.1459;2.0532;2.6118;0.8652;2.7760;2.7151;3.3755;1.5462;0.8970;2.6996;3.0180;3.0149;2.2462;2.8582;2.8439;3.8784;2.9320;3.0395;1.8086;3.1079;2.5318;2.3583;1.8412;3.1015;2.4845;2.6334;1.6240;2.9964;1.2979;0.0000;1.2995;2.8686;2.0097;3.0307;2.3655;2.8679;1.6496;4.7132;2.3641;1.1513;1.7461;2.6852;0.6835;0.8708;3.0416;2.8186;1.5867;0.2422;1.8552;3.1154;1.6449;1.3997;3.3286;2.2523;2.5166;1.1702;1.9436;1.7825;1.6588;3.4700;3.0095;1.1370;0.3227;3.0131;1.5167;2.4196;1.0706;3.0788;1.1717;3.0474;3.0844;2.7611;3.0411;2.1665;0.4694;0.4360;2.2743;3.0908;0.5961;0.5053;4.8753;1.9697;2.3268;2.7677;0.2930;1.1164;2.5270;1.0136;2.0825;2.1101;1.8454;0.5903
71A0;5.6496;1.2890;2.6429;0.8513;1.1866;0.3639;0.1238;1.0423;1.6403;0.6824;1.7355;1.6920;1.8134;4.4046;0.7840;1.3202;2.1309;1.4869;1.4256;2.2151;0.3090;0.6134;1.4066;1.7295;1.7462;3.5358;1.5629;1.5462;2.8309;1.6410;4.3182;0.6515;1.8112;1.2430;1.0762;0.6077;1.8048;1.1910;1.3475;0.7038;1.7094;0.2333;1.2995;0.0000;1.5949;0.7221;1.7428;1.0714;1.5833;0.7327;3.8835;1.1018;0.1631;0.4655;1.3899;0.8905;0.5088;1.7476;1.5216;0.5427;1.0660;0.6828;1.8479;0.3673;0.2050;2.0990;0.9585;1.2339;0.1440;0.8033;0.6767;0.3752;2.3381;1.7424;0.4227;1.0142;1.7175;0.2767;1.1257;0.4512;1.7956;0.1508;1.7550;1.7853;1.4782;1.7495;0.9261;1.4217;0.9254;1.0429;1.8092;0.7220;0.9659;6.1592;0.7589;1.0565;1.4861;1.4683;0.5922;1.2386;0.4180;0.8623;0.8251;0.5818;0.7537
83E1;7.1902;0.5476;1.9274;0.9851;0.5458;1.2884;1.5293;0.6883;0.7211;0.9204;0.3155;0.4553;0.3130;5.9368;0.8763;0.5176;3.6704;0.5023;0.4745;1.2155;1.4186;2.1061;0.5124;0.4394;0.1876;5.0764;0.4414;0.3690;2.0741;0.5374;5.8690;1.1141;0.5070;0.6550;0.6494;1.1253;0.5955;0.6176;0.6110;1.6326;0.4673;1.6480;2.8686;1.5949;0.0000;0.9628;0.5422;0.7051;0.5698;1.5804;3.3592;0.8310;1.7333;1.1995;0.3916;2.4316;2.0430;0.5380;0.4539;1.4885;2.6378;1.0463;0.5922;1.2871;1.5250;1.0193;0.7677;0.5853;1.7128;1.2641;1.3282;1.2799;1.5214;0.6397;1.7939;2.5983;0.4558;1.4097;0.6684;1.8578;0.6389;1.7108;0.5686;0.4718;0.4319;0.6128;0.8765;2.9483;2.5017;0.6747;0.2808;2.2898;2.4755;7.7037;0.9229;0.7271;0.5561;3.0035;1.9548;0.6224;1.9097;0.9691;0.8658;1.1485;2.3069
119A0;6.3688;0.6180;2.3077;0.4839;0.5874;0.3693;0.6253;0.3294;0.9505;0.3371;1.1176;0.9840;1.1621;5.1255;0.1992;0.6045;2.8437;0.7818;0.7358;1.6835;0.4784;1.2090;0.6922;1.0795;1.1078;4.2521;0.8522;0.8529;2.4909;0.9387;5.0347;0.5249;1.1456;0.5331;0.3716;0.4398;1.1141;0.5257;0.6267;0.9574;1.0324;0.7301;2.0097;0.7221;0.9628;0.0000;1.1082;0.3775;0.9393;1.0045;3.6072;0.5866;0.8808;0.2684;0.7365;1.5801;1.2149;1.0488;0.8137;0.6109;1.7816;0.5513;1.2252;0.3762;0.6492;1.5667;0.3385;0.5161;0.8615;0.4996;0.5061;0.3981;1.9385;1.0852;0.9875;1.7212;1.0197;0.5088;0.4613;1.0503;1.1610;0.8647;1.0491;1.0953;0.8525;1.0494;0.4552;2.1400;1.6330;0.5001;1.1485;1.4244;1.6552;6.8769;0.5036;0.4718;0.7665;2.1768;1.0734;0.5691;1.0473;0.5029;0.2660;0.2546;1.4406
21D1;7.3026;0.5158;1.5289;1.2020;0.9376;1.4414;1.6652;0.8560;0.9464;1.1423;0.7848;0.4400;0.3441;6.0592;1.1182;0.6354;3.8474;0.5164;0.6106;1.1267;1.5524;2.3010;0.5734;0.1857;0.5692;5.2423;0.4714;0.4248;1.6821;0.5495;5.9967;1.4280;0.2069;0.6739;0.8474;1.3071;0.3010;0.6012;0.6766;1.6301;0.3608;1.8156;3.0307;1.7428;0.5422;1.1082;0.0000;0.7725;0.2667;1.5846;3.0632;0.7185;1.8826;1.3432;0.3906;2.5035;2.1976;0.3685;0.4616;1.7100;2.7921;1.3554;0.3865;1.4295;1.6915;0.5862;0.8031;0.7633;1.8651;1.3661;1.5680;1.3907;1.1103;0.7472;2.0311;2.7361;0.3566;1.5873;0.6637;2.0883;0.1438;1.8629;0.4304;0.3076;0.3388;0.4035;1.0974;3.0719;2.6317;1.0518;0.5503;2.4630;2.6804;7.8371;1.1958;0.9027;0.6528;3.1917;2.1771;0.6971;2.1126;1.1738;0.9558;1.2980;2.4909
74B0;6.7050;0.3213;2.0899;0.5753;0.5397;0.7323;0.9781;0.2115;0.7137;0.5479;0.8875;0.6366;0.8536;5.4627;0.4352;0.2899;3.1930;0.4766;0.4079;1.5060;0.8399;1.5751;0.3518;0.7593;0.8447;4.6028;0.5189;0.5062;2.2714;0.5903;5.3808;0.8147;0.7901;0.2306;0.2551;0.6549;0.7596;0.2468;0.3151;1.1246;0.7260;1.0958;2.3655;1.0714;0.7051;0.3775;0.7725;0.0000;0.6302;1.1890;3.4756;0.4150;1.2283;0.6334;0.4275;1.9000;1.5485;0.7108;0.4664;0.9554;2.1338;0.7946;0.9414;0.7393;0.9900;1.2807;0.2476;0.2783;1.2087;0.7377;0.8163;0.7340;1.6883;0.7689;1.3384;2.0739;0.6825;0.8679;0.1972;1.3995;0.8332;1.2108;0.7122;0.7378;0.5681;0.7106;0.4816;2.4681;1.9840;0.5482;0.8449;1.7812;2.0057;7.2230;0.6976;0.3369;0.4763;2.5295;1.4332;0.2493;1.4042;0.5773;0.3645;0.5605;1.8050
10D1;7.1569;0.3261;1.6420;1.1323;0.8136;1.2708;1.4972;0.6842;0.8926;1.0173;0.8463;0.4374;0.4545;5.9150;0.9629;0.4984;3.7011;0.3464;0.5814;1.0246;1.3729;2.1257;0.4555;0.2405;0.6078;5.0909;0.3888;0.4140;1.7999;0.5615;5.8379;1.2830;0.3949;0.4919;0.6783;1.2092;0.3324;0.4152;0.5317;1.5243;0.2646;1.6422;2.8679;1.5833;0.5698;0.9393;0.2667;0.6302;0.0000;1.4800;3.0086;0.5720;1.7241;1.1679;0.2976;2.3456;2.0592;0.3129;0.3844;1.5384;2.6323;1.2364;0.3742;1.2521;1.5466;0.7183;0.6320;0.6125;1.7081;1.1323;1.4005;1.2176;1.2553;0.8326;1.8897;2.5672;0.3211;1.4289;0.4836;1.9485;0.2415;1.7063;0.3650;0.4000;0.2181;0.3246;1.0293;2.9338;2.4613;0.9292;0.6575;2.3042;2.5383;7.6821;1.0633;0.8426;0.5127;3.0437;2.0074;0.6314;1.9592;1.1117;0.7721;1.1530;2.3216
11E1;5.7446;1.2902;2.0672;1.0786;1.3863;0.8480;0.7671;1.2344;1.8717;0.8562;1.7814;1.7199;1.7267;4.5048;1.0883;1.4342;2.3963;1.5470;1.5043;2.1079;0.8709;1.2755;1.4964;1.6189;1.7300;3.7402;1.6128;1.5617;2.2511;1.6963;4.4662;1.0453;1.7085;1.3511;1.2687;0.8536;1.7533;1.2075;1.4837;0.5516;1.6751;0.9569;1.6496;0.7327;1.5804;1.0045;1.5846;1.1890;1.4800;0.0000;3.5106;0.9948;0.7394;0.8747;1.3392;1.0571;0.8983;1.7359;1.5641;1.2080;1.4139;0.9488;1.7129;0.8189;0.8226;1.7563;0.9997;1.4092;0.7376;1.1814;1.2709;0.7160;1.8277;1.8036;1.0440;1.3801;1.7089;0.8834;1.1596;1.0475;1.6329;0.7263;1.7679;1.7437;1.3809;1.7437;1.1287;1.5651;1.2672;1.2877;1.7984;1.2004;1.3899;6.2944;0.9069;1.1823;1.6190;1.7985;1.3088;1.3191;1.0666;1.0418;0.9339;0.9572;1.2657
23E1;8.1802;3.2206;2.4098;3.9430;3.5442;3.7365;3.8311;3.4809;3.7876;3.6184;3.6328;3.3625;3.1681;7.0663;3.6579;3.4210;5.4348;3.2451;3.5690;2.3361;3.7847;4.3349;3.3997;3.0355;3.2758;6.5027;3.3421;3.3879;2.3793;3.5295;6.9746;3.7814;3.2279;3.3683;3.4802;3.8756;3.1733;3.2555;3.4485;3.6223;3.0585;3.9884;4.7132;3.8835;3.3592;3.6072;3.0632;3.4756;3.0086;3.5106;0.0000;3.1525;3.9322;3.6724;3.2376;4.1512;4.2185;3.1578;3.3580;4.0649;4.5323;3.7505;2.8164;3.6870;3.9927;2.6442;3.3517;3.4948;3.9327;3.4439;4.0103;3.6284;2.6600;3.7773;4.2501;4.4454;3.1940;3.9056;3.2961;4.2800;2.9550;3.9241;3.1910;3.2714;3.0544;3.1556;3.8744;4.6819;4.3184;3.6459;3.4634;4.3913;4.6425;8.6784;3.5336;3.7375;3.3952;4.9418;4.3492;3.5892;4.2576;3.9172;3.3532;3.8187;4.3643
188E1;6.6284;0.3970;1.7700;0.8248;0.7921;0.8291;1.0211;0.5317;1.0698;0.6513;1.0977;0.8123;0.8983;5.3894;0.6863;0.5788;3.1893;0.6365;0.6972;1.3920;0.9275;1.6688;0.6049;0.7375;0.9468;4.5744;0.7129;0.6873;1.9615;0.8280;5.3180;0.9699;0.8319;0.4896;0.5674;0.8010;0.8219;0.3296;0.6198;0.9573;0.7668;1.1894;2.3641;1.1018;0.8310;0.5866;0.7185;0.4150;0.5720;0.9948;3.1525;0.0000;1.2356;0.7426;0.4836;1.8193;1.5541;0.7964;0.6622;1.1681;2.1267;0.9131;0.8620;0.8152;1.0823;1.0688;0.3105;0.6230;1.2203;0.8218;1.0794;0.7620;1.4029;1.0261;1.4441;2.0619;0.7824;0.9882;0.3069;1.4927;0.7529;1.2184;0.8222;0.8352;0.5081;0.7957;0.7612;2.4105;1.9576;0.8077;1.0036;1.8125;2.0503;7.1604;0.7543;0.6372;0.7341;2.5431;1.5781;0.5667;1.4916;0.8032;0.3876;0.7611;1.8397
176A1;5.4948;1.4365;2.7197;0.9942;1.3255;0.5224;0.2758;1.1974;1.7992;0.8172;1.8743;1.8462;1.9530;4.2485;0.9352;1.4759;1.9816;1.6383;1.5816;2.3238;0.4605;0.5461;1.5627;1.8694;1.8832;3.3828;1.7168;1.6984;2.9064;1.7984;4.1633;0.7602;1.9577;1.3988;1.2297;0.7464;1.9552;1.3392;1.5059;0.7366;1.8533;0.3170;1.1513;0.1631;1.7333;0.8808;1.8826;1.2283;1.7241;0.7394;3.9322;1.2356;0.0000;0.6231;1.5340;0.7490;0.3744;1.8979;1.6759;0.6612;0.9158;0.7869;1.9797;0.5203;0.3337;2.2164;1.1056;1.3904;0.0257;0.9282;0.8129;0.5208;2.4323;1.8971;0.3920;0.8684;1.8673;0.4306;1.2752;0.3958;1.9344;0.0273;1.9071;1.9357;1.6152;1.9009;1.0739;1.2668;0.7757;1.1799;1.9540;0.5861;0.8325;6.0043;0.8682;1.2089;1.6421;1.3213;0.5833;1.3953;0.3577;1.0025;0.9681;0.7433;0.6206
118A0;6.1061;0.8577;2.4298;0.5915;0.7892;0.1085;0.3628;0.5870;1.2021;0.3881;1.3538;1.2488;1.4053;4.8633;0.3700;0.8686;2.5858;1.0346;1.0004;1.8457;0.2209;0.9601;0.9562;1.3169;1.3434;3.9899;1.1154;1.1152;2.6162;1.2057;4.7691;0.4699;1.3975;0.7882;0.6243;0.4299;1.3686;0.7608;0.8900;0.8200;1.2747;0.4763;1.7461;0.4655;1.1995;0.2684;1.3432;0.6334;1.1679;0.8747;3.6724;0.7426;0.6231;0.0000;0.9775;1.3234;0.9683;1.3026;1.0774;0.4568;1.5185;0.5235;1.4439;0.1146;0.4253;1.7586;0.5458;0.7786;0.6050;0.4639;0.4424;0.1791;2.0867;1.3413;0.7645;1.4554;1.2754;0.2785;0.6953;0.8227;1.3912;0.6090;1.3047;1.3545;1.0749;1.3019;0.6140;1.8849;1.3664;0.6719;1.4018;1.1656;1.4079;6.6118;0.5219;0.6907;1.0257;1.9207;0.8493;0.8250;0.8041;0.6116;0.4142;0.2454;1.1788
183D0;6.9974;0.1959;1.7904;0.8614;0.5794;1.0759;1.3111;0.4814;0.7547;0.7722;0.6602;0.4036;0.4546;5.7504;0.7294;0.3199;3.5063;0.3116;0.3696;1.2112;1.1928;1.9315;0.3134;0.3575;0.5112;4.9091;0.3180;0.2675;1.9560;0.4630;5.6789;1.0440;0.4436;0.3670;0.4708;0.9582;0.4663;0.2696;0.4004;1.3743;0.3876;1.4500;2.6852;1.3899;0.3916;0.7365;0.3906;0.4275;0.2976;1.3392;3.2376;0.4836;1.5340;0.9775;0.0000;2.1946;1.8570;0.4278;0.2855;1.3309;2.4493;0.9838;0.5549;1.0670;1.3326;0.9083;0.4583;0.4218;1.5154;1.0305;1.1883;1.0409;1.3846;0.6816;1.6598;2.3954;0.3809;1.2187;0.3288;1.7201;0.4667;1.5140;0.4647;0.4283;0.1926;0.4634;0.7556;2.7550;2.2948;0.6753;0.5433;2.1090;2.3244;7.5206;0.8332;0.5740;0.4312;2.8433;1.8000;0.4038;1.7458;0.8407;0.6022;0.9361;2.1316
203B0;4.8209;2.0901;3.0592;1.6867;2.0583;1.2312;0.9724;1.8973;2.5142;1.5322;2.5956;2.5248;2.6226;3.5850;1.6663;2.1648;1.4466;2.3104;2.2728;2.8919;1.1398;0.8209;2.2433;2.5117;2.5794;2.7791;2.3974;2.3787;3.2436;2.4781;3.5056;1.4992;2.6031;2.0649;1.9359;1.4343;2.5988;1.9904;2.1867;1.0465;2.5104;0.9719;0.6835;0.8905;2.4316;1.5801;2.5035;1.9000;2.3456;1.0571;4.1512;1.8193;0.7490;1.3234;2.1946;0.0000;0.5549;2.5545;2.3521;1.3305;0.4882;1.5135;2.6043;1.2215;1.0305;2.7478;1.7590;2.0924;0.7714;1.5374;1.5092;1.1968;2.8471;2.5827;0.9558;0.4237;2.5334;1.1511;1.9264;0.9012;2.5422;0.7692;2.5671;2.5978;2.2557;2.5492;1.7739;0.6632;0.3393;1.9204;2.6534;0.5369;0.7075;5.3484;1.5742;1.8994;2.3306;0.8995;1.0257;2.0706;0.8244;1.6873;1.6313;1.4388;0.5928
128B0;5.1788;1.7734;2.9520;1.2264;1.6496;0.8641;0.6204;1.5349;2.1024;1.1252;2.1627;2.1676;2.2717;3.9320;1.2626;1.8052;1.6551;1.9801;1.8830;2.6833;0.8008;0.5330;1.8892;2.1969;2.2003;3.0663;2.0457;2.0132;3.1396;2.1040;3.8626;1.0598;2.2674;1.7354;1.5677;0.9882;2.2817;1.6757;1.8353;0.8704;2.1949;0.5984;0.8708;0.5088;2.0430;1.2149;2.1976;1.5485;2.0592;0.8983;4.2185;1.5541;0.3744;0.9683;1.8570;0.5549;0.0000;2.2335;2.0004;0.9199;0.6352;1.0665;2.3183;0.8752;0.5881;2.5187;1.4403;1.7218;0.3845;1.2910;1.0907;0.8736;2.6764;2.1680;0.4386;0.6302;2.1998;0.7356;1.6102;0.3795;2.2588;0.3852;2.2437;2.2529;1.9459;2.2378;1.3252;0.9439;0.5681;1.4932;2.2549;0.3433;0.5187;5.6960;1.1816;1.4816;1.9788;1.0020;0.6469;1.6912;0.3609;1.2325;1.3158;1.0389;0.4508
45C0;7.3712;0.4680;1.8553;1.2047;0.8231;1.4079;1.6549;0.7423;0.6865;1.1586;0.7377;0.2180;0.3935;6.1279;1.0458;0.4746;3.8776;0.2855;0.5159;1.0682;1.5117;2.2505;0.3960;0.2881;0.5266;5.2795;0.2455;0.3271;2.0023;0.3953;6.0433;1.3848;0.3242;0.5333;0.7244;1.3321;0.1517;0.5655;0.4807;1.7349;0.1819;1.7744;3.0416;1.7476;0.5380;1.0488;0.3685;0.7108;0.3129;1.7359;3.1578;0.7964;1.8979;1.3026;0.4278;2.5545;2.2335;0.0000;0.2830;1.6099;2.8098;1.3579;0.4397;1.3998;1.6863;0.8826;0.8027;0.5946;1.8799;1.2396;1.4462;1.3873;1.4529;0.6791;2.0175;2.7452;0.0846;1.5561;0.6309;2.0815;0.3609;1.8801;0.0661;0.2197;0.4155;0.0837;1.0896;3.1376;2.6466;0.9637;0.5165;2.4643;2.6928;7.8885;1.2104;0.8970;0.3814;3.2125;2.1062;0.6556;2.0929;1.1961;0.9386;1.2590;2.4773
101A0;7.1608;0.3153;1.9701;0.9291;0.6266;1.1796;1.4307;0.5121;0.5186;0.9275;0.6349;0.1747;0.4799;5.9163;0.8053;0.2263;3.6462;0.1886;0.2455;1.2681;1.2879;2.0175;0.1418;0.4161;0.5317;5.0565;0.0736;0.1253;2.1303;0.2289;5.8349;1.1600;0.4023;0.3263;0.4973;1.0721;0.3393;0.3915;0.2471;1.5438;0.3549;1.5431;2.8186;1.5216;0.4539;0.8137;0.4616;0.4664;0.3844;1.5641;3.3580;0.6622;1.6759;1.0774;0.2855;2.3521;2.0004;0.2830;0.0000;1.3666;2.5872;1.1316;0.6280;1.1799;1.4417;1.0388;0.6046;0.3543;1.6565;1.0805;1.2006;1.1741;1.5505;0.5203;1.7701;2.5283;0.2441;1.3151;0.4418;1.8347;0.5189;1.6576;0.2819;0.3009;0.3964;0.3027;0.8129;2.9194;2.4354;0.7419;0.4821;2.2332;2.4517;7.6778;1.0101;0.6218;0.2227;2.9793;1.8641;0.3829;1.8503;0.9240;0.7475;1.0057;2.2519
164A0;5.9648;1.2148;2.8802;0.7550;1.0005;0.4087;0.4753;0.8760;1.3221;0.7214;1.5698;1.5246;1.7269;4.7294;0.6230;1.1462;2.4052;1.3323;1.2552;2.1788;0.3790;0.7037;1.2352;1.6698;1.6270;3.8094;1.3973;1.4075;3.0656;1.4557;4.6170;0.5791;1.7266;1.0930;0.9007;0.6483;1.6861;1.1281;1.1496;1.0973;1.5999;0.3664;1.5867;0.5427;1.4885;0.6109;1.7100;0.9554;1.5384;1.2080;4.0649;1.1681;0.6612;0.4568;1.3309;1.3305;0.9199;1.6099;1.3666;0.0000;1.3872;0.7101;1.8065;0.4524;0.4413;2.1753;0.9460;1.0277;0.6447;0.6670;0.1994;0.5599;2.5253;1.5467;0.5901;1.3309;1.5802;0.3284;1.0659;0.6559;1.7638;0.6564;1.5983;1.6596;1.4485;1.6076;0.8057;1.8161;1.2748;0.8607;1.6649;1.0124;1.2268;6.4479;0.8194;0.9416;1.2711;1.7434;0.5131;1.1036;0.6156;0.8035;0.8316;0.4774;1.0078
150A0;4.5985;2.3490;3.4665;1.8421;2.2084;1.4145;1.1599;2.1010;2.6687;1.7201;2.7599;2.7576;2.8653;3.3557;1.8289;2.3832;1.0819;2.5470;2.4846;3.1598;1.3218;0.7230;2.4701;2.7822;2.7859;2.4724;2.6279;2.6110;3.6492;2.7017;3.2598;1.5934;2.8707;2.3027;2.1324;1.6095;2.8673;2.2507;2.4064;1.3936;2.7648;1.0809;0.2422;1.0660;2.6378;1.7816;2.7921;2.1338;2.6323;1.4139;4.5323;2.1267;0.9158;1.5185;2.4493;0.4882;0.6352;2.8098;2.5872;1.3872;0.0000;1.6332;2.8821;1.4166;1.1712;3.0892;2.0173;2.2911;0.9349;1.7347;1.5811;1.4257;3.2326;2.7811;0.9300;0.1486;2.7811;1.2920;2.1858;0.8633;2.8411;0.9359;2.8170;2.8500;2.5256;2.8098;1.9390;0.4951;0.2368;2.0549;2.8597;0.3819;0.3679;5.0980;1.7429;2.0957;2.5427;0.4572;0.9448;2.2948;0.8048;1.8538;1.8775;1.6184;0.4008
186D0;6.1830;0.9525;2.4279;0.5729;0.6406;0.5264;0.6694;0.7066;1.2319;0.2809;1.1456;1.2763;1.3168;4.9286;0.4315;0.9452;2.6412;1.1096;1.0197;1.8301;0.6469;1.1424;1.0381;1.3038;1.1910;4.0452;1.1594;1.1219;2.6022;1.2496;4.8540;0.1896;1.3987;0.9505;0.7064;0.4712;1.4312;0.8868;1.0159;1.0182;1.2906;0.7557;1.8552;0.6828;1.0463;0.5513;1.3554;0.7946;1.2364;0.9488;3.7505;0.9131;0.7869;0.5235;0.9838;1.5135;1.0665;1.3579;1.1316;0.7101;1.6332;0.0000;1.4211;0.5351;0.6379;1.7553;0.7146;0.8606;0.7656;0.8358;0.6654;0.5605;2.0838;1.3190;0.7866;1.6114;1.3032;0.5592;0.8465;0.8475;1.4328;0.7627;1.3712;1.3665;1.0738;1.3885;0.5959;1.9635;1.5236;0.4856;1.2790;1.2883;1.4506;6.6829;0.2216;0.7088;1.1088;1.9741;1.0198;0.9080;0.9249;0.5776;0.6043;0.5654;1.3017
89E1;7.3900;0.6355;1.5757;1.4072;0.9510;1.5434;1.7698;0.9500;1.0619;1.2487;0.8562;0.5988;0.3704;6.1450;1.2087;0.7600;3.9442;0.5732;0.8282;0.7526;1.6538;2.3868;0.7189;0.2558;0.5217;5.3242;0.5998;0.6232;1.7101;0.7774;6.0681;1.4724;0.4990;0.8019;0.9274;1.4863;0.4802;0.7283;0.8111;1.7853;0.3004;1.9136;3.1154;1.8479;0.5922;1.2252;0.3865;0.9414;0.3742;1.7129;2.8164;0.8620;1.9797;1.4439;0.5549;2.6043;2.3183;0.4397;0.6280;1.8065;2.8821;1.4211;0.0000;1.5221;1.8253;0.6120;0.9340;0.8648;1.9639;1.3729;1.6629;1.4923;1.2234;1.0066;2.1366;2.8215;0.4358;1.7032;0.7998;2.1962;0.3308;1.9605;0.4941;0.5129;0.3976;0.4887;1.3014;3.1783;2.7110;1.0950;0.6638;2.5608;2.7866;7.9094;1.2345;1.1242;0.7246;3.2875;2.2696;0.9361;2.2194;1.3863;1.0366;1.4534;2.5686
151A0;6.0025;0.9488;2.4639;0.6649;0.8720;0.0770;0.2663;0.6899;1.3108;0.4397;1.4430;1.3517;1.4936;4.7593;0.4609;0.9733;2.4870;1.1323;1.1058;1.8997;0.1497;0.8767;1.0616;1.4039;1.4310;3.8881;1.2169;1.2166;2.6495;1.3121;4.6644;0.4787;1.4921;0.8901;0.7248;0.4727;1.4656;0.8521;0.9967;0.7923;1.3647;0.3950;1.6449;0.3673;1.2871;0.3762;1.4295;0.7393;1.2521;0.8189;3.6870;0.8152;0.5203;0.1146;1.0670;1.2215;0.8752;1.3998;1.1799;0.4524;1.4166;0.5351;1.5221;0.0000;0.3634;1.8231;0.6299;0.8836;0.5037;0.4955;0.4832;0.1170;2.1347;1.4474;0.6909;1.3530;1.3730;0.2300;0.7878;0.7456;1.4751;0.5071;1.4039;1.4539;1.1573;1.3994;0.6998;1.7834;1.2611;0.7494;1.4975;1.0684;1.3161;6.5076;0.5448;0.7877;1.1296;1.8227;0.7855;0.9293;0.7225;0.6812;0.4911;0.3248;1.0801
72A0;5.7518;1.2402;2.6691;0.6954;1.1184;0.3268;0.2082;0.9715;1.5195;0.6250;1.6393;1.6082;1.7544;4.5083;0.7039;1.2404;2.2114;1.4270;1.3198;2.2450;0.2997;0.6599;1.3251;1.6835;1.6842;3.6278;1.4858;1.4615;2.8585;1.5375;4.4266;0.6109;1.7388;1.1751;1.0058;0.4699;1.7384;1.1430;1.2635;0.7493;1.6638;0.2537;1.3997;0.2050;1.5250;0.6492;1.6915;0.9900;1.5466;0.8226;3.9927;1.0823;0.3337;0.4253;1.3326;1.0305;0.5881;1.6863;1.4417;0.4413;1.1712;0.6379;1.8253;0.3634;0.0000;2.0872;0.9158;1.1506;0.3112;0.8262;0.5611;0.3932;2.3377;1.6130;0.4032;1.1294;1.6531;0.1728;1.0755;0.4471;1.7548;0.3208;1.6904;1.7084;1.4431;1.6884;0.7812;1.5274;1.0570;0.9664;1.7199;0.8070;1.0207;6.2624;0.7474;0.9311;1.4089;1.5466;0.5736;1.1312;0.4358;0.7134;0.8049;0.4557;0.8525
32E1;7.4753;1.0070;0.9934;1.6822;1.4295;1.8489;2.0349;1.3621;1.5248;1.5537;1.2572;1.0104;0.7773;6.2417;1.5926;1.1908;4.1274;1.0486;1.1887;1.0884;1.9511;2.6899;1.1403;0.6672;1.0001;5.4832;1.0414;1.0081;1.1262;1.1280;6.1949;1.8492;0.7384;1.1951;1.3572;1.7367;0.8125;1.0752;1.2334;1.8800;0.8264;2.2118;3.3286;2.0990;1.0193;1.5667;0.5862;1.2807;0.7183;1.7563;2.6442;1.0688;2.2164;1.7586;0.9083;2.7478;2.5187;0.8826;1.0388;2.1753;3.0892;1.7553;0.6120;1.8231;2.0872;0.0000;1.2319;1.3091;2.2027;1.7649;2.0588;1.7594;0.6379;1.2928;2.4237;3.0327;0.8936;2.0020;1.1319;2.4724;0.5345;2.1974;0.9432;0.8592;0.7854;0.9032;1.5934;3.3118;2.9168;1.5375;1.0397;2.7989;3.0185;8.0244;1.5689;1.4148;1.2067;3.4954;2.6024;1.2425;2.4979;1.6416;1.3604;1.7533;2.8294
68A0;6.5722;0.3375;1.9861;0.6317;0.5808;0.6458;0.8713;0.2920;0.9204;0.4546;0.9889;0.7758;0.9066;5.3286;0.4213;0.4496;3.0848;0.5697;0.5905;1.4442;0.7507;1.5032;0.5169;0.7906;0.9081;4.4844;0.6473;0.6402;2.1664;0.7660;5.2481;0.7477;0.8749;0.3549;0.3304;0.6271;0.8523;0.2399;0.4916;1.0182;0.7731;1.0171;2.2523;0.9585;0.7677;0.3385;0.8031;0.2476;0.6320;0.9997;3.3517;0.3105;1.1056;0.5458;0.4583;1.7590;1.4403;0.8027;0.6046;0.9460;2.0173;0.7146;0.9340;0.6299;0.9158;1.2319;0.0000;0.4329;1.0885;0.6599;0.8409;0.5962;1.6154;0.9609;1.2682;1.9554;0.7786;0.8006;0.1795;1.3257;0.8483;1.0881;0.8183;0.8501;0.5565;0.8048;0.5643;2.3374;1.8556;0.5734;0.9566;1.6797;1.9137;7.0921;0.5769;0.4629;0.6234;2.4240;1.3899;0.4382;1.3304;0.6189;0.1944;0.5424;1.7018
161A0;6.8826;0.3366;2.1969;0.7087;0.3891;0.8794;1.1395;0.1995;0.5042;0.6756;0.7320;0.5055;0.7489;5.6381;0.4854;0.1379;3.3481;0.3302;0.3347;1.3913;0.9856;1.6915;0.2314;0.6978;0.6979;4.7586;0.3731;0.4145;2.3651;0.4888;5.5456;0.8521;0.7427;0.2054;0.1764;0.8300;0.6816;0.3317;0.1728;1.3751;0.6060;1.2289;2.5166;1.2339;0.5853;0.5161;0.7633;0.2783;0.6125;1.4092;3.4948;0.6230;1.3904;0.7786;0.4218;2.0924;1.7218;0.5946;0.3543;1.0277;2.2911;0.8606;0.8648;0.8836;1.1506;1.3091;0.4329;0.0000;1.3706;0.7866;0.8571;0.9009;1.7940;0.6980;1.4599;2.2317;0.5595;1.0090;0.3355;1.5277;0.8155;1.3730;0.5824;0.6500;0.5550;0.6038;0.6011;2.6511;2.1435;0.4649;0.7121;1.9296;2.1493;7.3874;0.7647;0.4635;0.2650;2.6782;1.5304;0.3332;1.5385;0.7216;0.5188;0.7182;1.9394
178A1;5.5149;1.4191;2.7115;0.9699;1.3050;0.5037;0.2605;1.1781;1.7776;0.7957;1.8521;1.8264;1.9339;4.2684;0.9143;1.4563;1.9986;1.6204;1.5602;2.3134;0.4458;0.5533;1.5432;1.8519;1.8631;3.4014;1.6975;1.6782;2.8985;1.7777;4.1839;0.7399;1.9386;1.3808;1.2103;0.7224;1.9372;1.3219;1.4867;0.7298;1.8361;0.3062;1.1702;0.1440;1.7128;0.8615;1.8651;1.2087;1.7081;0.7376;3.9327;1.2203;0.0257;0.6050;1.5154;0.7714;0.3845;1.8799;1.6565;0.6447;0.9349;0.7656;1.9639;0.5037;0.3112;2.2027;1.0885;1.3706;0.0000;0.9187;0.7941;0.5058;2.4209;1.8744;0.3811;0.8892;1.8488;0.4093;1.2578;0.3883;1.9181;0.0162;1.8890;1.9163;1.5981;1.8834;1.0500;1.2854;0.7980;1.1586;1.9327;0.6015;0.8437;6.0245;0.8494;1.1861;1.6232;1.3373;0.5802;1.3743;0.3556;0.9785;0.9515;0.7222;0.6369
70A0;6.2804;0.8609;2.4936;0.9665;0.8428;0.5246;0.6928;0.6295;1.2004;0.7233;1.4501;1.2424;1.4196;5.0482;0.5791;0.8770;2.8057;0.9695;1.0943;1.6209;0.5362;1.1494;0.9574;1.3032;1.3601;4.1737;1.0979;1.1580;2.6721;1.2478;4.9223;0.7231;1.4305;0.7704;0.6562;0.8717;1.3350;0.7836;0.8737;1.1206;1.2033;0.7443;1.9436;0.8033;1.2641;0.4996;1.3661;0.7377;1.1323;1.1814;3.4439;0.8218;0.9282;0.4639;1.0305;1.5374;1.2910;1.2396;1.0805;0.6670;1.7347;0.8358;1.3729;0.4955;0.8262;1.7649;0.6599;0.7866;0.9187;0.0000;0.6192;0.5438;2.1738;1.4611;1.0947;1.6449;1.2323;0.6702;0.7379;1.1519;1.3722;0.9226;1.2306;1.3609;1.0787;1.2259;0.9454;2.1366;1.5521;0.7981;1.4639;1.4098;1.6840;6.7661;0.7585;0.9504;0.9613;2.1560;1.0536;0.9708;1.0969;0.9929;0.5248;0.6361;1.3816
165A0;6.1621;1.0762;2.8104;0.6599;0.8387;0.4384;0.5962;0.7230;1.1273;0.6527;1.3984;1.3526;1.5676;4.9256;0.4911;0.9803;2.5984;1.1699;1.0875;2.0536;0.4606;0.9010;1.0688;1.5205;1.4621;4.0043;1.2282;1.2425;2.9936;1.2832;4.8144;0.5320;1.5706;0.9417;0.7429;0.6141;1.5263;0.9969;0.9819;1.1615;1.4421;0.5385;1.7825;0.6767;1.3282;0.5061;1.5680;0.8163;1.4005;1.2709;4.0103;1.0794;0.8129;0.4424;1.1883;1.5092;1.0907;1.4462;1.2006;0.1994;1.5811;0.6654;1.6629;0.4832;0.5611;2.0588;0.8409;0.8571;0.7941;0.6192;0.0000;0.5905;2.4403;1.3743;0.7489;1.5261;1.4148;0.4195;0.9392;0.8191;1.6239;0.8040;1.4313;1.4947;1.3121;1.4456;0.6873;2.0030;1.4665;0.7085;1.4930;1.2049;1.4122;6.6449;0.7584;0.8067;1.0959;1.9349;0.7040;0.9534;0.7994;0.7149;0.7433;0.4204;1.2011
193A0;5.9957;0.9265;2.3706;0.6767;0.9023;0.1703;0.2867;0.7056;1.3469;0.4338;1.4502;1.3470;1.4739;4.7524;0.5017;0.9786;2.4980;1.1294;1.1060;1.8793;0.2210;0.9330;1.0632;1.3754;1.4270;3.8957;1.2138;1.2077;2.5563;1.3102;4.6638;0.5383;1.4648;0.8875;0.7431;0.4698;1.4451;0.8284;1.0050;0.7271;1.3492;0.4569;1.6588;0.3752;1.2799;0.3981;1.3907;0.7340;1.2176;0.7160;3.6284;0.7620;0.5208;0.1791;1.0409;1.1968;0.8736;1.3873;1.1741;0.5599;1.4257;0.5605;1.4923;0.1170;0.3932;1.7594;0.5962;0.9009;0.5058;0.5438;0.5905;0.0000;2.0489;1.4501;0.7388;1.3621;1.3620;0.3012;0.7640;0.7873;1.4349;0.5067;1.3960;1.4377;1.1263;1.3864;0.7111;1.7696;1.2644;0.7872;1.4927;1.0895;1.3387;6.5078;0.5454;0.7861;1.1421;1.8378;0.8624;0.9218;0.7676;0.6817;0.4677;0.3573;1.1100
218E1;7.4224;1.4819;0.4685;1.9847;1.9093;2.1588;2.2947;1.8104;2.0388;1.8799;1.7401;1.5425;1.3320;6.2090;1.9902;1.6798;4.2113;1.5892;1.6437;1.6434;2.2523;2.9485;1.6356;1.2342;1.5383;5.5215;1.5734;1.5049;0.6434;1.6126;6.1986;2.2101;1.2477;1.6667;1.8180;2.0038;1.3611;1.5209;1.7243;1.9675;1.4159;2.4918;3.4700;2.3381;1.5214;1.9385;1.1103;1.6883;1.2553;1.8277;2.6600;1.4029;2.4323;2.0867;1.3846;2.8471;2.6764;1.4529;1.5505;2.5253;3.2326;2.0838;1.2234;2.1347;2.3377;0.6379;1.6154;1.7940;2.4209;2.1738;2.4403;2.0489;0.0000;1.7126;2.6700;3.1864;1.4581;2.2936;1.5582;2.7048;1.0978;2.4138;1.5122;1.3887;1.2933;1.4674;1.9209;3.3680;3.0708;1.9802;1.5436;2.9848;3.1835;8.0002;1.9144;1.7673;1.7418;3.6216;2.8926;1.6456;2.7350;1.9317;1.7344;2.0750;3.0368
18C1;7.3326;0.7783;2.1697;0.9576;0.8837;1.4258;1.6657;0.8511;0.5133;1.1480;0.5872;0.4700;0.7026;6.0894;1.0507;0.6258;3.7948;0.7000;0.3854;1.6985;1.5384;2.2076;0.5708;0.7673;0.7266;5.2176;0.5450;0.4501;2.3246;0.3193;6.0275;1.3721;0.5767;0.7493;0.8384;1.1821;0.6486;0.8222;0.6330;1.7434;0.7856;1.7586;3.0095;1.7424;0.6397;1.0852;0.7472;0.7689;0.8326;1.8036;3.7773;1.0261;1.8971;1.3413;0.6816;2.5827;2.1680;0.6791;0.5203;1.5467;2.7811;1.3190;1.0066;1.4474;1.6130;1.2928;0.9609;0.6980;1.8744;1.4611;1.3743;1.4501;1.7126;0.0000;1.9133;2.7405;0.6325;1.5139;0.8455;1.9760;0.8541;1.8769;0.6707;0.5212;0.8197;0.7041;0.8511;3.0963;2.6625;0.9554;0.4812;2.4157;2.5924;7.8573;1.2676;0.6910;0.6414;3.1339;2.0279;0.5438;2.0128;0.9529;1.1043;1.1886;2.4537
195A0;5.4919;1.5803;2.9875;0.9760;1.3473;0.6623;0.5044;1.2868;1.7917;0.9018;1.8736;1.9304;2.0521;4.2456;0.9839;1.5620;1.9161;1.7505;1.6371;2.5094;0.6257;0.4496;1.6529;2.0066;1.9468;3.3346;1.8080;1.7826;3.1727;1.8629;4.1603;0.7393;2.0729;1.5177;1.3099;0.7800;2.0809;1.4892;1.5932;1.0042;1.9815;0.4059;1.1370;0.4227;1.7939;0.9875;2.0311;1.3384;1.8897;1.0440;4.2501;1.4441;0.3920;0.7645;1.6598;0.9558;0.4386;2.0175;1.7701;0.5901;0.9300;0.7866;2.1366;0.6909;0.4032;2.4237;1.2682;1.4599;0.3811;1.0947;0.7489;0.7388;2.6700;1.9133;0.0000;0.9228;1.9770;0.4997;1.4264;0.0759;2.0998;0.3885;2.0207;2.0371;1.7652;2.0273;1.0708;1.3139;0.8745;1.1812;1.9987;0.5604;0.7041;5.9860;0.9498;1.2471;1.7222;1.2453;0.3904;1.4697;0.1898;0.9990;1.1392;0.8111;0.5940
145A0;4.6610;2.2858;3.4193;1.8148;2.1651;1.3540;1.0981;2.0407;2.6156;1.6826;2.7304;2.7003;2.8176;3.4235;1.7789;2.3235;1.1781;2.4818;2.4353;3.0863;1.2525;0.6677;2.4096;2.7254;2.7438;2.5473;2.5684;2.5583;3.6029;2.6474;3.3166;1.5625;2.8173;2.2354;2.0738;1.5797;2.8039;2.1867;2.3423;1.3481;2.7022;1.0180;0.3227;1.0142;2.5983;1.7212;2.7361;2.0739;2.5672;1.3801;4.4454;2.0619;0.8684;1.4554;2.3954;0.4237;0.6302;2.7452;2.5283;1.3309;0.1486;1.6114;2.8215;1.3530;1.1294;3.0327;1.9554;2.2317;0.8892;1.6449;1.5261;1.3621;3.1864;2.7405;0.9228;0.0000;2.7202;1.2409;2.1215;0.8618;2.7791;0.8910;2.7511;2.7942;2.4685;2.7418;1.9074;0.5887;0.1340;2.0165;2.8201;0.3678;0.4608;5.1587;1.7094;2.0563;2.4783;0.5820;0.9007;2.2437;0.7788;1.8279;1.8143;1.5653;0.3661
179D0;7.3459;0.4465;1.8656;1.1556;0.7638;1.3792;1.6279;0.7095;0.6535;1.1113;0.6580;0.1734;0.3329;6.1007;1.0047;0.4388;3.8449;0.2678;0.4650;1.0863;1.4881;2.2225;0.3639;0.2593;0.4499;5.2491;0.2042;0.2658;2.0137;0.3622;6.0186;1.3354;0.2999;0.5200;0.6880;1.2883;0.1902;0.5451;0.4611;1.7105;0.1690;1.7472;3.0131;1.7175;0.4558;1.0197;0.3566;0.6825;0.3211;1.7089;3.1940;0.7824;1.8673;1.2754;0.3809;2.5334;2.1998;0.0846;0.2441;1.5802;2.7811;1.3032;0.4358;1.3730;1.6531;0.8936;0.7786;0.5595;1.8488;1.2323;1.4148;1.3620;1.4581;0.6325;1.9770;2.7202;0.0000;1.5241;0.6108;2.0413;0.3777;1.8487;0.1211;0.1849;0.3796;0.1625;1.0395;3.1074;2.6221;0.9055;0.4415;2.4337;2.6559;7.8628;1.1593;0.8488;0.3611;3.1786;2.0755;0.6179;2.0585;1.1465;0.9120;1.2283;2.4474
139A0;5.8853;1.1157;2.6327;0.6391;0.9790;0.1813;0.2079;0.8282;1.3836;0.5300;1.5288;1.4824;1.6385;4.6422;0.5600;1.1058;2.3423;1.2889;1.2050;2.1077;0.1802;0.7235;1.1936;1.5669;1.5619;3.7552;1.3551;1.3425;2.8206;1.4200;4.5511;0.4997;1.6315;1.0403;0.8611;0.4369;1.6175;1.0199;1.1269;0.8085;1.5322;0.2556;1.5167;0.2767;1.4097;0.5088;1.5873;0.8679;1.4289;0.8834;3.9056;0.9882;0.4306;0.2785;1.2187;1.1511;0.7356;1.5561;1.3151;0.3284;1.2920;0.5592;1.7032;0.2300;0.1728;2.0020;0.8006;1.0090;0.4093;0.6702;0.4195;0.3012;2.2936;1.5139;0.4997;1.2409;1.5241;0.0000;0.9535;0.5573;1.6456;0.4176;1.5571;1.5909;1.3271;1.5576;0.7058;1.6686;1.1645;0.8326;1.6068;0.9247;1.1505;6.3891;0.6506;0.8419;1.2657;1.6747;0.6075;1.0254;0.5398;0.6651;0.6792;0.3443;0.9485
66B0;6.7428;0.1760;1.9434;0.7221;0.5684;0.7987;1.0339;0.2743;0.8051;0.5979;0.9029;0.6128;0.7731;5.5002;0.5213;0.3088;3.2545;0.4045;0.4729;1.3445;0.9022;1.6546;0.3591;0.6451;0.7933;4.6547;0.4852;0.4912;2.1211;0.6186;5.4176;0.8740;0.7251;0.2081;0.3028;0.7654;0.6835;0.0730;0.3482;1.1516;0.6155;1.1699;2.4196;1.1257;0.6684;0.4613;0.6637;0.1972;0.4836;1.1596;3.2961;0.3069;1.2752;0.6953;0.3288;1.9264;1.6102;0.6309;0.4418;1.0659;2.1858;0.8465;0.7998;0.7878;1.0755;1.1319;0.1795;0.3355;1.2578;0.7379;0.9392;0.7640;1.5582;0.8455;1.4264;2.1215;0.6108;0.9535;0.0000;1.4857;0.7042;1.2580;0.6443;0.6885;0.4304;0.6305;0.6333;2.5098;2.0229;0.6082;0.8326;1.8456;2.0805;7.2622;0.7039;0.4849;0.4714;2.5932;1.5312;0.3622;1.4888;0.7126;0.3326;0.6750;1.8649
105A0;5.4201;1.6412;3.0168;1.0336;1.4172;0.7185;0.5423;1.3531;1.8624;0.9606;1.9399;1.9956;2.1145;4.1737;1.0522;1.6278;1.8454;1.8159;1.7015;2.5678;0.6767;0.4315;1.7179;2.0668;2.0115;3.2648;1.8737;1.8463;3.2026;1.9275;4.0907;0.8071;2.1330;1.5814;1.3773;0.8322;2.1431;1.5490;1.6591;1.0046;2.0452;0.4479;1.0706;0.4512;1.8578;1.0503;2.0883;1.3995;1.9485;1.0475;4.2800;1.4927;0.3958;0.8227;1.7201;0.9012;0.3795;2.0815;1.8347;0.6559;0.8633;0.8475;2.1962;0.7456;0.4471;2.4724;1.3257;1.5277;0.3883;1.1519;0.8191;0.7873;2.7048;1.9760;0.0759;0.8618;2.0413;0.5573;1.4857;0.0000;2.1572;0.3950;2.0855;2.0998;1.8238;2.0910;1.1308;1.2415;0.8171;1.2513;2.0634;0.4981;0.6328;5.9161;1.0079;1.3072;1.7901;1.1751;0.4073;1.5311;0.1670;1.0545;1.1964;0.8711;0.5410
31D1;7.3452;0.5512;1.4963;1.3005;1.0042;1.4920;1.7138;0.9062;1.0063;1.2167;0.8880;0.4953;0.4135;6.1042;1.1809;0.6900;3.9037;0.5340;0.7037;1.0326;1.5963;2.3502;0.6270;0.2169;0.6419;5.2923;0.5181;0.5124;1.6448;0.6251;6.0361;1.4949;0.2995;0.7067;0.8985;1.3930;0.2990;0.6388;0.7189;1.6849;0.3452;1.8647;3.0788;1.7956;0.6389;1.1610;0.1438;0.8332;0.2415;1.6329;2.9550;0.7529;1.9344;1.3912;0.4667;2.5422;2.2588;0.3609;0.5189;1.7638;2.8411;1.4328;0.3308;1.4751;1.7548;0.5345;0.8483;0.8155;1.9181;1.3722;1.6239;1.4349;1.0978;0.8541;2.0998;2.7791;0.3777;1.6456;0.7042;2.1572;0.0000;1.9158;0.4220;0.3723;0.3806;0.3791;1.1963;3.1246;2.6723;1.1255;0.6510;2.5165;2.7444;7.8782;1.2623;1.0017;0.6818;3.2495;2.2320;0.7844;2.1736;1.2742;0.9961;1.3617;2.5398
175A1;5.5136;1.4187;2.7028;0.9733;1.3051;0.5086;0.2678;1.1802;1.7822;0.7940;1.8513;1.8274;1.9316;4.2666;0.9166;1.4581;1.9992;1.6211;1.5621;2.3086;0.4533;0.5646;1.5449;1.8496;1.8610;3.4012;1.6985;1.6787;2.8896;1.7798;4.1829;0.7395;1.9377;1.3828;1.2121;0.7248;1.9372;1.3217;1.4894;0.7262;1.8349;0.3199;1.1717;0.1508;1.7108;0.8647;1.8629;1.2108;1.7063;0.7263;3.9241;1.2184;0.0273;0.6090;1.5140;0.7692;0.3852;1.8801;1.6576;0.6564;0.9359;0.7627;1.9605;0.5071;0.3208;2.1974;1.0881;1.3730;0.0162;0.9226;0.8040;0.5067;2.4138;1.8769;0.3885;0.8910;1.8487;0.4176;1.2580;0.3950;1.9158;0.0000;1.8897;1.9163;1.5954;1.8839;1.0531;1.2828;0.7983;1.1591;1.9319;0.6057;0.8463;6.0235;0.8448;1.1884;1.6254;1.3383;0.5937;1.3765;0.3668;0.9811;0.9507;0.7281;0.6411
43B0;7.3840;0.4885;1.9150;1.2092;0.8250;1.4103;1.6598;0.7390;0.6441;1.1734;0.7511;0.2109;0.4427;6.1414;1.0462;0.4669;3.8852;0.2809;0.5137;1.0929;1.5120;2.2465;0.3855;0.3522;0.5554;5.2880;0.2395;0.3405;2.0621;0.3814;6.0536;1.3907;0.3705;0.5272;0.7209;1.3413;0.1856;0.5819;0.4613;1.7543;0.2281;1.7733;3.0474;1.7550;0.5686;1.0491;0.4304;0.7122;0.3650;1.7679;3.1910;0.8222;1.9071;1.3047;0.4647;2.5671;2.2437;0.0661;0.2819;1.5983;2.8170;1.3712;0.4941;1.4039;1.6904;0.9432;0.8183;0.5824;1.8890;1.2306;1.4313;1.3960;1.5122;0.6707;2.0207;2.7511;0.1211;1.5571;0.6443;2.0855;0.4220;1.8897;0.0000;0.2495;0.4646;0.0787;1.0935;3.1517;2.6542;0.9661;0.5368;2.4689;2.6985;7.8990;1.2290;0.9027;0.3509;3.2195;2.0984;0.6579;2.0942;1.2041;0.9510;1.2582;2.4803
209D1;7.4058;0.5376;1.8165;1.1616;0.8566;1.4551;1.7000;0.8014;0.6822;1.1683;0.6337;0.1778;0.3177;6.1605;1.0832;0.5220;3.9051;0.4118;0.4534;1.2158;1.5673;2.3020;0.4369;0.2922;0.4820;5.3142;0.2916;0.2616;1.9644;0.3091;6.0889;1.4164;0.1536;0.6123;0.7843;1.3132;0.1710;0.6288;0.5437;1.7394;0.3222;1.8240;3.0844;1.7853;0.4718;1.0953;0.3076;0.7378;0.4000;1.7437;3.2714;0.8352;1.9357;1.3545;0.4283;2.5978;2.2529;0.2197;0.3009;1.6596;2.8500;1.3665;0.5129;1.4539;1.7084;0.8592;0.8501;0.6500;1.9163;1.3609;1.4947;1.4377;1.3887;0.5212;2.0371;2.7942;0.1849;1.5909;0.6885;2.0998;0.3723;1.9163;0.2495;0.0000;0.4555;0.2691;1.0461;3.1614;2.6982;0.9851;0.3741;2.5014;2.7139;7.9307;1.2350;0.8486;0.4784;3.2406;2.1520;0.6177;2.1232;1.1472;1.0002;1.2812;2.5248
29E1;7.0549;0.2845;1.6811;1.0227;0.6696;1.1728;1.4008;0.6019;0.8803;0.8734;0.7379;0.4745;0.4124;5.8086;0.8480;0.4538;3.5862;0.3619;0.5399;1.0464;1.2883;2.0268;0.4393;0.2633;0.4931;4.9783;0.4072;0.3891;1.8441;0.5895;5.7355;1.1334;0.4558;0.4835;0.5893;1.0930;0.4656;0.3637;0.5283;1.4269;0.3154;1.5476;2.7611;1.4782;0.4319;0.8525;0.3388;0.5681;0.2181;1.3809;3.0544;0.5081;1.6152;1.0749;0.1926;2.2557;1.9459;0.4155;0.3964;1.4485;2.5256;1.0738;0.3976;1.1573;1.4431;0.7854;0.5565;0.5550;1.5981;1.0787;1.3121;1.1263;1.2933;0.8197;1.7652;2.4685;0.3796;1.3271;0.4304;1.8238;0.3806;1.5954;0.4646;0.4555;0.0000;0.4579;0.9214;2.8240;2.3626;0.7809;0.5961;2.1965;2.4181;7.5776;0.8974;0.7485;0.5189;2.9270;1.9072;0.5861;1.8472;1.0011;0.6715;1.0694;2.2129
173A1;7.3685;0.4760;1.8673;1.2202;0.8632;1.4081;1.6533;0.7495;0.6965;1.1806;0.8078;0.2552;0.4726;6.1275;1.0595;0.4859;3.8802;0.2968;0.5380;1.0905;1.5064;2.2476;0.4041;0.3485;0.6087;5.2806;0.2722;0.3676;2.0153;0.4076;6.0404;1.4098;0.3657;0.5226;0.7362;1.3443;0.1554;0.5682;0.4740;1.7351;0.2420;1.7715;3.0411;1.7495;0.6128;1.0494;0.4035;0.7106;0.3246;1.7437;3.1556;0.7957;1.9009;1.3019;0.4634;2.5492;2.2378;0.0837;0.3027;1.6076;2.8098;1.3885;0.4887;1.3994;1.6884;0.9032;0.8048;0.6038;1.8834;1.2259;1.4456;1.3864;1.4674;0.7041;2.0273;2.7418;0.1625;1.5576;0.6305;2.0910;0.3791;1.8839;0.0787;0.2691;0.4579;0.0000;1.1065;3.1399;2.6437;0.9989;0.5885;2.4651;2.6989;7.8862;1.2418;0.9131;0.3847;3.2165;2.1048;0.6622;2.0963;1.2129;0.9441;1.2574;2.4782
34A0;6.4930;0.7414;2.3301;0.1193;0.6312;0.6634;0.8691;0.5232;0.8677;0.4343;0.9356;0.9485;1.1149;5.2476;0.4211;0.6582;2.9469;0.8774;0.6178;1.8900;0.7792;1.3945;0.7231;1.0983;1.0511;4.3697;0.8625;0.7944;2.5114;0.8429;5.1834;0.6569;1.0804;0.6784;0.5415;0.3453;1.1216;0.6798;0.6980;1.0736;1.1005;0.9577;2.1665;0.9261;0.8765;0.4552;1.0974;0.4816;1.0293;1.1287;3.8744;0.7612;1.0739;0.6140;0.7556;1.7739;1.3252;1.0896;0.8129;0.8057;1.9390;0.5959;1.3014;0.6998;0.7812;1.5934;0.5643;0.6011;1.0500;0.9454;0.6873;0.7111;1.9209;0.8511;1.0708;1.9074;1.0395;0.7058;0.6333;1.1308;1.1963;1.0531;1.0935;1.0461;0.9214;1.1065;0.0000;2.2587;1.8333;0.5273;1.0063;1.5740;1.7435;7.0120;0.6351;0.2040;0.8373;2.2846;1.2307;0.4650;1.1754;0.1359;0.6008;0.4268;1.6187
1D1;4.2499;2.6711;3.5629;2.1569;2.5682;1.7835;1.5257;2.4591;3.0450;2.0410;3.0784;3.0882;3.1653;3.0020;2.1941;2.7297;0.8544;2.8906;2.8130;3.4716;1.7037;1.1949;2.8119;3.0793;3.1012;2.1854;2.9652;2.9321;3.7407;3.0311;2.9508;1.9605;3.1629;2.6489;2.4925;1.9181;3.1813;2.5733;2.7599;1.5800;3.0884;1.4899;0.4694;1.4217;2.9483;2.1400;3.0719;2.4681;2.9338;1.5651;4.6819;2.4105;1.2668;1.8849;2.7550;0.6632;0.9439;3.1376;2.9194;1.8161;0.4951;1.9635;3.1783;1.7834;1.5274;3.3118;2.3374;2.6511;1.2854;2.1366;2.0030;1.7696;3.3680;3.0963;1.3139;0.5887;3.1074;1.6686;2.5098;1.2415;3.1246;1.2828;3.1517;3.1614;2.8240;3.1399;2.2587;0.0000;0.6368;2.4149;3.1709;0.8212;0.7088;4.7806;2.0642;2.4115;2.9029;0.4762;1.4040;2.6163;1.2148;2.1572;2.2094;1.9737;0.8757
143A0;4.7480;2.1853;3.2986;1.7441;2.0756;1.2671;1.0100;1.9501;2.5415;1.5896;2.6427;2.6078;2.7157;3.5084;1.6928;2.2327;1.2846;2.3851;2.3495;2.9677;1.1677;0.6455;2.3188;2.6205;2.6455;2.6453;2.4748;2.4656;3.4810;2.5610;3.4041;1.4784;2.7188;2.1425;1.9830;1.5029;2.7054;2.0869;2.2538;1.2580;2.5991;0.9464;0.4360;0.9254;2.5017;1.6330;2.6317;1.9840;2.4613;1.2672;4.3184;1.9576;0.7757;1.3664;2.2948;0.3393;0.5681;2.6466;2.4354;1.2748;0.2368;1.5236;2.7110;1.2611;1.0570;2.9168;1.8556;2.1435;0.7980;1.5521;1.4665;1.2644;3.0708;2.6625;0.8745;0.1340;2.6221;1.1645;2.0229;0.8171;2.6723;0.7983;2.6542;2.6982;2.3626;2.6437;1.8333;0.6368;0.0000;1.9304;2.7279;0.3499;0.5055;5.2485;1.6105;1.9760;2.3882;0.6866;0.8781;2.1584;0.7349;1.7547;1.7131;1.4878;0.3450
113B0;6.6357;0.6526;2.3611;0.5962;0.1734;0.7410;0.9802;0.3961;0.7838;0.4471;0.7564;0.8672;0.9527;5.3839;0.3168;0.5598;3.0807;0.7155;0.6497;1.5390;0.8670;1.4754;0.6525;0.9661;0.8027;4.4883;0.7527;0.7410;2.5272;0.8564;5.2963;0.4811;1.0527;0.6222;0.3597;0.6743;1.0570;0.6230;0.6345;1.3094;0.9095;1.0518;2.2743;1.0429;0.6747;0.5001;1.0518;0.5482;0.9292;1.2877;3.6459;0.8077;1.1799;0.6719;0.6753;1.9204;1.4932;0.9637;0.7419;0.8607;2.0549;0.4856;1.0950;0.7494;0.9664;1.5375;0.5734;0.4649;1.1586;0.7981;0.7085;0.7872;1.9802;0.9554;1.1812;2.0165;0.9055;0.8326;0.6082;1.2513;1.1255;1.1591;0.9661;0.9851;0.7809;0.9989;0.5273;2.4149;1.9304;0.0000;0.8848;1.6938;1.8775;7.1291;0.4408;0.5275;0.6822;2.4086;1.3118;0.6219;1.2997;0.6137;0.5402;0.6508;1.6965
200E1;7.4184;0.7003;1.9695;1.1195;0.7578;1.4928;1.7389;0.8606;0.6649;1.1423;0.2867;0.3888;0.3032;6.1664;1.0746;0.6251;3.8889;0.5904;0.4969;1.3206;1.6191;2.3097;0.5814;0.4851;0.2875;5.3023;0.4632;0.3825;2.1075;0.4503;6.1017;1.3430;0.4177;0.7727;0.8259;1.2983;0.5315;0.7804;0.6856;1.8239;0.5212;1.8504;3.0908;1.8092;0.2808;1.1485;0.5503;0.8449;0.6575;1.7984;3.4634;1.0036;1.9540;1.4018;0.5433;2.6534;2.2549;0.5165;0.4821;1.6649;2.8597;1.2790;0.6638;1.4975;1.7199;1.0397;0.9566;0.7121;1.9327;1.4639;1.4930;1.4927;1.5436;0.4812;1.9987;2.8201;0.4415;1.6068;0.8326;2.0634;0.6510;1.9319;0.5368;0.3741;0.5961;0.5885;1.0063;3.1709;2.7279;0.8848;0.0000;2.5043;2.6863;7.9359;1.1757;0.8422;0.6100;3.2214;2.1457;0.6969;2.1132;1.1054;1.0806;1.3169;2.5271
135A0;4.9708;2.0092;3.2531;1.4781;1.8500;1.0597;0.8141;1.7437;2.2933;1.3728;2.4012;2.4019;2.5246;3.7286;1.4653;2.0259;1.4230;2.1979;2.1228;2.8723;0.9699;0.3853;2.1140;2.4491;2.4399;2.8311;2.2733;2.2570;3.4388;2.3407;3.6327;1.2400;2.5290;1.9519;1.7742;1.2537;2.5238;1.9113;2.0480;1.1600;2.4256;0.7166;0.5961;0.7220;2.2898;1.4244;2.4630;1.7812;2.3042;1.2004;4.3913;1.8125;0.5861;1.1656;2.1090;0.5369;0.3433;2.4643;2.2332;1.0124;0.3819;1.2883;2.5608;1.0684;0.8070;2.7989;1.6797;1.9296;0.6015;1.4098;1.2049;1.0895;2.9848;2.4157;0.5604;0.3678;2.4337;0.9247;1.8456;0.4981;2.5165;0.6057;2.4689;2.5014;2.1965;2.4651;1.5740;0.8212;0.3499;1.6938;2.5043;0.0000;0.3120;5.4674;1.4101;1.7347;2.1841;0.7604;0.5880;1.9369;0.4245;1.4944;1.5423;1.2535;0.1472
106A0;4.7931;2.2409;3.4518;1.6393;2.0417;1.3006;1.0685;1.9690;2.4888;1.5673;2.5623;2.6158;2.7257;3.5488;1.6754;2.2466;1.2135;2.4285;2.3225;3.1156;1.2270;0.6158;2.3352;2.6677;2.6290;2.6349;2.4926;2.4648;3.6357;2.5468;3.4680;1.4172;2.7386;2.1873;1.9961;1.4292;2.7501;2.1453;2.2745;1.3603;2.6529;0.9702;0.5053;0.9659;2.4755;1.6552;2.6804;2.0057;2.5383;1.3899;4.6425;2.0503;0.8325;1.4079;2.3244;0.7075;0.5187;2.6928;2.4517;1.2268;0.3679;1.4506;2.7866;1.3161;1.0207;3.0185;1.9137;2.1493;0.8437;1.6840;1.4122;1.3387;3.1835;2.5924;0.7041;0.4608;2.6559;1.1505;2.0805;0.6328;2.7444;0.8463;2.6985;2.7139;2.4181;2.6989;1.7435;0.7088;0.5055;1.8775;2.6863;0.3120;0.0000;5.2879;1.5970;1.9194;2.4098;0.5464;0.7764;2.1419;0.6240;1.6544;1.7810;1.4710;0.3780
56A0;0.6803;7.4234;8.0828;6.9061;7.2830;6.5096;6.2523;7.1953;7.7572;6.7980;7.8202;7.8491;7.9268;1.8062;6.9234;7.4775;4.0783;7.6314;7.5766;8.0621;6.4110;5.7456;7.5631;7.8372;7.8469;2.6615;7.7192;7.6994;8.2328;7.7934;1.8470;6.6521;7.9368;7.3894;7.2263;6.6804;7.9410;7.3255;7.4997;6.3021;7.8323;6.1703;4.8753;6.1592;7.7037;6.8769;7.8371;7.2230;7.6821;6.2944;8.6784;7.1604;6.0043;6.6118;7.5206;5.3484;5.6960;7.8885;7.6778;6.4479;5.0980;6.6829;7.9094;6.5076;6.2624;8.0244;7.0921;7.3874;6.0245;6.7661;6.6449;6.5078;8.0002;7.8573;5.9860;5.1587;7.8628;6.3891;7.2622;5.9161;7.8782;6.0235;7.8990;7.9307;7.5776;7.8862;7.0120;4.7806;5.2485;7.1291;7.9359;5.4674;5.2879;0.0000;6.7914;7.1758;7.6354;4.7423;5.9507;7.3811;5.8800;6.9131;6.9522;6.7104;5.4599
222E1;6.2879;0.7978;2.2495;0.6444;0.5545;0.5568;0.7273;0.6055;1.1876;0.2380;1.0741;1.1570;1.1692;5.0340;0.4024;0.8336;2.7723;0.9680;0.9387;1.6257;0.6843;1.2676;0.9244;1.1377;1.0584;4.1674;1.0350;1.0053;2.4224;1.1575;4.9573;0.3130;1.2615;0.8293;0.6033;0.5508;1.2872;0.7363;0.9123;1.0056;1.1267;0.8483;1.9697;0.7589;0.9229;0.5036;1.1958;0.6976;1.0633;0.9069;3.5336;0.7543;0.8682;0.5219;0.8332;1.5742;1.1816;1.2104;1.0101;0.8194;1.7429;0.2216;1.2345;0.5448;0.7474;1.5689;0.5769;0.7647;0.8494;0.7585;0.7584;0.5454;1.9144;1.2676;0.9498;1.7094;1.1593;0.6506;0.7039;1.0079;1.2623;0.8448;1.2290;1.2350;0.8974;1.2418;0.6351;2.0642;1.6105;0.4408;1.1757;1.4101;1.5970;6.7914;0.0000;0.6868;0.9950;2.1079;1.1616;0.8356;1.0659;0.6385;0.4599;0.6041;1.4182
38B0;6.6533;0.5711;2.1861;0.3153;0.5770;0.7627;0.9876;0.4258;0.7457;0.5017;0.8165;0.7572;0.9374;5.4081;0.4595;0.4897;3.1194;0.7024;0.4296;1.7434;0.8806;1.5515;0.5419;0.9104;0.9006;4.5400;0.6763;0.6014;2.3656;0.6532;5.3431;0.7709;0.8817;0.5189;0.4437;0.4985;0.9215;0.5215;0.5318;1.1340;0.9179;1.0936;2.3268;1.0565;0.7271;0.4718;0.9027;0.3369;0.8426;1.1823;3.7375;0.6372;1.2089;0.6907;0.5740;1.8994;1.4816;0.8970;0.6218;0.9416;2.0957;0.7088;1.1242;0.7877;0.9311;1.4148;0.4629;0.4635;1.1861;0.9504;0.8067;0.7861;1.7673;0.6910;1.2471;2.0563;0.8488;0.8419;0.4849;1.3072;1.0017;1.1884;0.9027;0.8486;0.7485;0.9131;0.2040;2.4115;1.9760;0.5275;0.8422;1.7347;1.9194;7.1758;0.6868;0.0000;0.6736;2.4567;1.3933;0.2670;1.3423;0.3074;0.5543;0.5288;1.7761
41A0;7.1309;0.3775;2.1470;0.9506;0.5582;1.1294;1.3879;0.4467;0.4278;0.9263;0.7053;0.3176;0.6228;5.8879;0.7465;0.2022;3.6048;0.1740;0.3552;1.2552;1.2294;1.9391;0.1751;0.5685;0.6104;5.0120;0.1992;0.3246;2.3059;0.3650;5.7920;1.1010;0.6027;0.2934;0.4234;1.0854;0.4876;0.4325;0.1785;1.5833;0.4320;1.4783;2.7677;1.4861;0.5561;0.7665;0.6528;0.4763;0.5127;1.6190;3.3952;0.7341;1.6421;1.0257;0.4312;2.3306;1.9788;0.3814;0.2227;1.2711;2.5427;1.1088;0.7246;1.1296;1.4089;1.2067;0.6234;0.2650;1.6232;0.9613;1.0959;1.1421;1.7418;0.6414;1.7222;2.4783;0.3611;1.2657;0.4714;1.7901;0.6818;1.6254;0.3509;0.4784;0.5189;0.3847;0.8373;2.9029;2.3882;0.6822;0.6100;2.1841;2.4098;7.6354;0.9950;0.6736;0.0000;2.9358;1.7781;0.4650;1.7965;0.9597;0.7294;0.9722;2.1905
107A0;4.2519;2.7547;3.8527;2.1803;2.5699;1.8142;1.5687;2.4934;3.0279;2.0921;3.0990;3.1460;3.2475;3.0089;2.2052;2.7743;0.6733;2.9483;2.8587;3.5726;1.7296;1.0704;2.8628;3.1810;3.1542;2.0907;3.0200;2.9953;4.0326;3.0814;2.9230;1.9398;3.2612;2.7063;2.5215;1.9637;3.2697;2.6579;2.8007;1.7847;3.1674;1.4745;0.2930;1.4683;3.0035;2.1768;3.1917;2.5295;3.0437;1.7985;4.9418;2.5431;1.3213;1.9207;2.8433;0.8995;1.0020;3.2125;2.9793;1.7434;0.4572;1.9741;3.2875;1.8227;1.5466;3.4954;2.4240;2.6782;1.3373;2.1560;1.9349;1.8378;3.6216;3.1339;1.2453;0.5820;3.1786;1.6747;2.5932;1.1751;3.2495;1.3383;3.2195;3.2406;2.9270;3.2165;2.2846;0.4762;0.6866;2.4086;3.2214;0.7604;0.5464;4.7423;2.1079;2.4567;2.9358;0.0000;1.2633;2.6740;1.1510;2.1929;2.2869;1.9991;0.7771
167A0;5.4761;1.6886;3.2169;1.1495;1.4649;0.7556;0.6146;1.3666;1.8271;1.1011;2.0331;2.0252;2.2025;4.2448;1.0909;1.6447;1.9133;1.8285;1.7466;2.6003;0.6704;0.2393;1.7343;2.1432;2.0967;3.3097;1.8975;1.8987;3.4047;1.9550;4.1268;0.9107;2.2084;1.5857;1.3923;0.9855;2.1794;1.5961;1.6534;1.1952;2.0858;0.4143;1.1164;0.5922;1.9548;1.0734;2.1771;1.4332;2.0074;1.3088;4.3492;1.5781;0.5833;0.8493;1.8000;1.0257;0.6469;2.1062;1.8641;0.5131;0.9448;1.0198;2.2696;0.7855;0.5736;2.6024;1.3899;1.5304;0.5802;1.0536;0.7040;0.8624;2.8926;2.0279;0.3904;0.9007;2.0755;0.6075;1.5312;0.4073;2.2320;0.5937;2.0984;2.1520;1.9072;2.1048;1.2307;1.4040;0.8781;1.3118;2.1457;0.5880;0.7764;5.9507;1.1616;1.3933;1.7781;1.2633;0.0000;1.5826;0.3020;1.1883;1.2566;0.9053;0.5676
214A0;6.8577;0.3943;2.0723;0.5750;0.5978;0.9158;1.1545;0.3862;0.6057;0.6799;0.7513;0.5220;0.7644;5.6149;0.5859;0.2977;3.3370;0.4865;0.2235;1.5781;1.0248;1.7378;0.3154;0.7106;0.7755;4.7538;0.4449;0.3826;2.2478;0.4184;5.5433;0.9518;0.6627;0.3315;0.4012;0.7334;0.6721;0.3748;0.3196;1.2710;0.7054;1.2661;2.5270;1.2386;0.6224;0.5691;0.6971;0.2493;0.6314;1.3191;3.5892;0.5667;1.3953;0.8250;0.4038;2.0706;1.6912;0.6556;0.3829;1.1036;2.2948;0.9080;0.9361;0.9293;1.1312;1.2425;0.4382;0.3332;1.3743;0.9708;0.9534;0.9218;1.6456;0.5438;1.4697;2.2437;0.6179;1.0254;0.3622;1.5311;0.7844;1.3765;0.6579;0.6177;0.5861;0.6622;0.4650;2.6163;2.1584;0.6219;0.6969;1.9369;2.1419;7.3811;0.8356;0.2670;0.4650;2.6740;1.5826;0.0000;1.5502;0.5683;0.5865;0.6950;1.9714
NUEVO1;5.3852;1.6503;3.0439;1.0823;1.4598;0.6974;0.4947;1.3606;1.8798;1.0059;2.0052;2.0153;2.1551;4.1431;1.0734;1.6396;1.8191;1.8239;1.7279;2.5765;0.6264;0.2922;1.7285;2.0925;2.0611;3.2351;1.8897;1.8721;3.2322;1.9475;4.0494;0.8652;2.1603;1.5792;1.3891;0.8756;2.1554;1.5546;1.6619;0.9871;2.0623;0.3655;1.0136;0.4180;1.9097;1.0473;2.1126;1.4042;1.9592;1.0666;4.2576;1.4916;0.3577;0.8041;1.7458;0.8244;0.3609;2.0929;1.8503;0.6156;0.8048;0.9249;2.2194;0.7225;0.4358;2.4979;1.3304;1.5385;0.3556;1.0969;0.7994;0.7676;2.7350;2.0128;0.1898;0.7788;2.0585;0.5398;1.4888;0.1670;2.1736;0.3668;2.0942;2.1232;1.8472;2.0963;1.1754;1.2148;0.7349;1.2997;2.1132;0.4245;0.6240;5.8800;1.0659;1.3423;1.7965;1.1510;0.3020;1.5502;0.0000;1.1066;1.1976;0.8673;0.4584
NUEVO2;6.3897;0.8298;2.3325;0.0689;0.7314;0.6443;0.8188;0.6264;0.9997;0.4296;1.0301;1.0606;1.2054;5.1444;0.4845;0.7752;2.8514;0.9880;0.7320;1.9741;0.7544;1.3410;0.8395;1.1855;1.1485;4.2731;0.9756;0.9012;2.5149;0.9551;5.0870;0.6590;1.1683;0.7827;0.6479;0.2606;1.2209;0.7627;0.8165;1.0038;1.2013;0.9143;2.0825;0.8623;0.9691;0.5029;1.1738;0.5773;1.1117;1.0418;3.9172;0.8032;1.0025;0.6116;0.8407;1.6873;1.2325;1.1961;0.9240;0.8035;1.8538;0.5776;1.3863;0.6812;0.7134;1.6416;0.6189;0.7216;0.9785;0.9929;0.7149;0.6817;1.9317;0.9529;0.9990;1.8279;1.1465;0.6651;0.7126;1.0545;1.2742;0.9811;1.2041;1.1472;1.0011;1.2129;0.1359;2.1572;1.7547;0.6137;1.1054;1.4944;1.6544;6.9131;0.6385;0.3074;0.9597;2.1929;1.1883;0.5683;1.1066;0.0000;0.6447;0.4212;1.5483
NUEVO3;6.4389;0.4799;2.0867;0.6478;0.5779;0.5112;0.7376;0.3334;1.0135;0.3656;1.0836;0.9182;1.0308;5.1942;0.3486;0.5652;2.9483;0.6872;0.7312;1.4755;0.6212;1.3621;0.6450;0.9220;0.9968;4.3439;0.7836;0.7847;2.2693;0.9181;5.1075;0.6165;1.0340;0.4808;0.3692;0.5860;1.0061;0.3867;0.6108;0.9339;0.8910;0.8822;2.1101;0.8251;0.8658;0.2660;0.9558;0.3645;0.7721;0.9339;3.3532;0.3876;0.9681;0.4142;0.6022;1.6313;1.3158;0.9386;0.7475;0.8316;1.8775;0.6043;1.0366;0.4911;0.8049;1.3604;0.1944;0.5188;0.9515;0.5248;0.7433;0.4677;1.7344;1.1043;1.1392;1.8143;0.9120;0.6792;0.3326;1.1964;0.9961;0.9507;0.9510;1.0002;0.6715;0.9441;0.6008;2.2094;1.7131;0.5402;1.0806;1.5423;1.7810;6.9522;0.4599;0.5543;0.7294;2.2869;1.2566;0.5865;1.1976;0.6447;0.0000;0.4862;1.5546
NUEVO4;6.1987;0.8363;2.4456;0.3933;0.7740;0.2851;0.4946;0.5556;1.0859;0.4005;1.2663;1.1708;1.3615;4.9574;0.3519;0.8064;2.6636;1.0028;0.8838;1.9342;0.3705;1.0472;0.8873;1.2895;1.3077;4.0790;1.0506;1.0336;2.6324;1.0927;4.8728;0.5439;1.3235;0.7426;0.5955;0.2921;1.3090;0.7431;0.8195;0.8805;1.2573;0.5796;1.8454;0.5818;1.1485;0.2546;1.2980;0.5605;1.1530;0.9572;3.8187;0.7611;0.7433;0.2454;0.9361;1.4388;1.0389;1.2590;1.0057;0.4774;1.6184;0.5654;1.4534;0.3248;0.4557;1.7533;0.5424;0.7182;0.7222;0.6361;0.4204;0.3573;2.0750;1.1886;0.8111;1.5653;1.2283;0.3443;0.6750;0.8711;1.3617;0.7281;1.2582;1.2812;1.0694;1.2574;0.4268;1.9737;1.4878;0.6508;1.3169;1.2535;1.4710;6.7104;0.6041;0.5288;0.9722;1.9991;0.9053;0.6950;0.8673;0.4212;0.4862;0.0000;1.2862
NUEVO5;4.9748;2.0257;3.3020;1.5286;1.8493;1.0747;0.8374;1.7530;2.3040;1.3978;2.4207;2.4208;2.5428;3.7342;1.4750;2.0399;1.4331;2.2060;2.1509;2.8467;0.9820;0.3461;2.1302;2.4671;2.4503;2.8268;2.2885;2.2803;3.4866;2.3675;3.6243;1.2366;2.5584;1.9658;1.7814;1.3063;2.5444;1.9292;2.0616;1.2266;2.4337;0.7246;0.5903;0.7537;2.3069;1.4406;2.4909;1.8050;2.3216;1.2657;4.3643;1.8397;0.6206;1.1788;2.1316;0.5928;0.4508;2.4773;2.2519;1.0078;0.4008;1.3017;2.5686;1.0801;0.8525;2.8294;1.7018;1.9394;0.6369;1.3816;1.2011;1.1100;3.0368;2.4537;0.5940;0.3661;2.4474;0.9485;1.8649;0.5410;2.5398;0.6411;2.4803;2.5248;2.2129;2.4782;1.6187;0.8757;0.3450;1.6965;2.5271;0.1472;0.3780;5.4599;1.4182;1.7761;2.1905;0.7771;0.5676;1.9714;0.4584;1.5483;1.5546;1.2862;0.0000
