157A0;0.000;6.905;7.500;6.386;6.790;6.004;5.744;6.690;7.260;6.285;7.313;7.332;7.406;1.257;6.423;6.967;3.590;7.121;7.058;7.572;5.908;5.267;7.049;7.312;7.337;2.210;7.205;7.179;7.650;7.273;1.393;6.163;7.405;6.877;6.723;6.158;7.416;6.806;6.990;5.753;7.318;5.674;4.385;5.650;7.190;6.369;7.303;6.705;7.157;5.745;8.180;6.628;5.495;6.106;6.997;4.821;5.179;7.371;7.161;5.965;4.599;6.183;7.390;6.003;5.752;7.475;6.572;6.883;5.515;6.280;6.162;5.996;7.422;7.333;5.492;4.661;7.346;5.885;6.743;5.420;7.345;5.514;7.384;7.406;7.055;7.369;6.493;4.250;4.748;6.636;7.418;4.971;4.793;0.680;6.288;6.653;7.131;4.252;5.476;6.858
196C0;6.905;0.000;1.872;0.842;0.568;0.962;1.200;0.364;0.753;0.724;0.802;0.473;0.612;5.661;0.643;0.257;3.417;0.263;0.420;1.213;1.067;1.816;0.277;0.478;0.653;4.817;0.348;0.368;2.042;0.522;5.579;0.985;0.578;0.215;0.366;0.912;0.528;0.104;0.311;1.305;0.441;1.333;2.583;1.289;0.548;0.618;0.516;0.321;0.326;1.290;3.221;0.397;1.436;0.858;0.196;2.090;1.773;0.468;0.315;1.215;2.349;0.952;0.635;0.949;1.240;1.007;0.338;0.337;1.419;0.861;1.076;0.926;1.482;0.778;1.580;2.286;0.446;1.116;0.176;1.641;0.551;1.419;0.488;0.538;0.285;0.476;0.741;2.671;2.185;0.653;0.700;2.009;2.241;7.423;0.798;0.571;0.377;2.755;1.689;0.394
90E1;7.500;1.872;0.000;2.387;2.292;2.496;2.607;2.198;2.471;2.238;2.155;1.967;1.735;6.306;2.364;2.089;4.413;1.985;2.078;1.834;2.580;3.248;2.051;1.633;1.933;5.671;1.988;1.933;0.218;2.051;6.304;2.553;1.680;2.063;2.206;2.377;1.775;1.907;2.134;2.253;1.800;2.810;3.697;2.643;1.927;2.308;1.529;2.090;1.642;2.067;2.410;1.770;2.720;2.430;1.790;3.059;2.952;1.855;1.970;2.880;3.466;2.428;1.576;2.464;2.669;0.993;1.986;2.197;2.712;2.494;2.810;2.371;0.468;2.170;2.987;3.419;1.866;2.633;1.943;3.017;1.496;2.703;1.915;1.816;1.681;1.867;2.330;3.563;3.299;2.361;1.970;3.253;3.452;8.083;2.249;2.186;2.147;3.853;3.217;2.072
35B0;6.386;0.842;2.387;0.000;0.719;0.623;0.804;0.613;0.975;0.436;1.039;1.066;1.226;5.141;0.460;0.771;2.840;0.989;0.736;1.986;0.732;1.310;0.838;1.207;1.161;4.263;0.979;0.911;2.570;0.959;5.080;0.637;1.191;0.779;0.635;0.262;1.235;0.774;0.808;1.020;1.213;0.887;2.069;0.851;0.985;0.484;1.202;0.575;1.132;1.079;3.943;0.825;0.994;0.592;0.861;1.687;1.226;1.205;0.929;0.755;1.842;0.573;1.407;0.665;0.695;1.682;0.632;0.709;0.970;0.967;0.660;0.677;1.985;0.958;0.976;1.815;1.156;0.639;0.722;1.034;1.300;0.973;1.209;1.162;1.023;1.220;0.119;2.157;1.744;0.596;1.119;1.478;1.639;6.906;0.644;0.315;0.951;2.180;1.150;0.575
115B0;6.790;0.568;2.292;0.719;0.000;0.870;1.117;0.381;0.694;0.574;0.648;0.738;0.812;5.538;0.434;0.467;3.242;0.586;0.575;1.393;0.993;1.627;0.552;0.833;0.655;4.647;0.625;0.629;2.453;0.755;5.448;0.638;0.934;0.554;0.328;0.814;0.927;0.564;0.549;1.413;0.761;1.196;2.429;1.187;0.546;0.587;0.938;0.540;0.814;1.386;3.544;0.792;1.325;0.789;0.579;2.058;1.650;0.823;0.627;1.000;2.208;0.641;0.951;0.872;1.118;1.429;0.581;0.389;1.305;0.843;0.839;0.902;1.909;0.884;1.347;2.165;0.764;0.979;0.568;1.417;1.004;1.305;0.825;0.857;0.670;0.863;0.631;2.568;2.076;0.173;0.758;1.850;2.042;7.283;0.554;0.577;0.558;2.570;1.465;0.598
155A0;6.004;0.962;2.496;0.623;0.870;0.000;0.263;0.689;1.291;0.434;1.435;1.350;1.502;4.761;0.450;0.971;2.480;1.140;1.094;1.938;0.144;0.860;1.058;1.417;1.434;3.885;1.219;1.214;2.684;1.303;4.668;0.469;1.496;0.894;0.725;0.432;1.473;0.865;0.993;0.782;1.379;0.376;1.642;0.364;1.288;0.369;1.441;0.732;1.271;0.848;3.737;0.829;0.522;0.108;1.076;1.231;0.864;1.408;1.180;0.409;1.414;0.526;1.543;0.077;0.327;1.849;0.646;0.879;0.504;0.525;0.438;0.170;2.159;1.426;0.662;1.354;1.379;0.181;0.799;0.718;1.492;0.509;1.410;1.455;1.173;1.408;0.663;1.783;1.267;0.741;1.493;1.060;1.301;6.510;0.557;0.763;1.129;1.814;0.756;0.916
154A0;5.744;1.200;2.607;0.804;1.117;0.263;0.000;0.948;1.548;0.634;1.676;1.602;1.741;4.502;0.704;1.227;2.230;1.392;1.342;2.138;0.190;0.661;1.313;1.650;1.678;3.632;1.472;1.462;2.796;1.552;4.410;0.623;1.731;1.143;0.984;0.571;1.714;1.100;1.248;0.711;1.622;0.208;1.390;0.124;1.529;0.625;1.665;0.978;1.497;0.767;3.831;1.021;0.276;0.363;1.311;0.972;0.620;1.655;1.431;0.475;1.160;0.669;1.770;0.266;0.208;2.035;0.871;1.139;0.260;0.693;0.596;0.287;2.295;1.666;0.504;1.098;1.628;0.208;1.034;0.542;1.714;0.268;1.660;1.700;1.401;1.653;0.869;1.526;1.010;0.980;1.739;0.814;1.068;6.252;0.727;0.988;1.388;1.569;0.615;1.154
98A0;6.690;0.364;2.198;0.613;0.381;0.689;0.948;0.000;0.685;0.506;0.858;0.677;0.871;5.445;0.317;0.293;3.162;0.467;0.477;1.441;0.798;1.516;0.389;0.800;0.816;4.570;0.540;0.562;2.373;0.661;5.353;0.694;0.873;0.262;0.060;0.681;0.825;0.306;0.331;1.205;0.728;1.047;2.328;1.042;0.688;0.329;0.856;0.211;0.684;1.234;3.481;0.532;1.197;0.587;0.481;1.897;1.535;0.742;0.512;0.876;2.101;0.707;0.950;0.690;0.971;1.362;0.292;0.200;1.178;0.629;0.723;0.706;1.810;0.851;1.287;2.041;0.710;0.828;0.274;1.353;0.906;1.180;0.739;0.801;0.602;0.750;0.523;2.459;1.950;0.396;0.861;1.744;1.969;7.195;0.605;0.426;0.447;2.493;1.367;0.386
174A1;7.260;0.753;2.471;0.975;0.694;1.291;1.548;0.685;0.000;1.098;0.679;0.518;0.842;6.019;0.891;0.508;3.696;0.587;0.458;1.595;1.388;2.023;0.491;0.881;0.774;5.113;0.506;0.545;2.626;0.441;5.924;1.214;0.815;0.629;0.659;1.179;0.752;0.788;0.477;1.795;0.775;1.599;2.885;1.640;0.721;0.950;0.946;0.714;0.893;1.872;3.788;1.070;1.799;1.202;0.755;2.514;2.102;0.687;0.519;1.322;2.669;1.232;1.062;1.311;1.519;1.525;0.920;0.504;1.778;1.200;1.127;1.347;2.039;0.513;1.792;2.616;0.653;1.384;0.805;1.862;1.006;1.782;0.644;0.682;0.880;0.697;0.868;3.045;2.541;0.784;0.665;2.293;2.489;7.757;1.188;0.746;0.428;3.028;1.827;0.606
6D1;6.285;0.724;2.238;0.436;0.574;0.434;0.634;0.506;1.098;0.000;1.066;1.085;1.159;5.034;0.285;0.744;2.759;0.914;0.824;1.717;0.573;1.221;0.831;1.112;1.077;4.168;0.966;0.925;2.419;1.052;4.961;0.368;1.194;0.724;0.522;0.336;1.219;0.647;0.809;0.891;1.108;0.766;1.952;0.682;0.920;0.337;1.142;0.548;1.017;0.856;3.618;0.651;0.817;0.388;0.772;1.532;1.125;1.159;0.927;0.721;1.720;0.281;1.249;0.440;0.625;1.554;0.455;0.676;0.796;0.723;0.653;0.434;1.880;1.148;0.902;1.683;1.111;0.530;0.598;0.961;1.217;0.794;1.173;1.168;0.873;1.181;0.434;2.041;1.590;0.447;1.142;1.373;1.567;6.798;0.238;0.502;0.926;2.092;1.101;0.680
192E1;7.313;0.802;2.155;1.039;0.648;1.435;1.676;0.858;0.679;1.066;0.000;0.594;0.519;6.058;1.000;0.694;3.766;0.718;0.575;1.439;1.565;2.206;0.689;0.703;0.365;5.178;0.617;0.545;2.291;0.616;5.993;1.209;0.682;0.853;0.813;1.226;0.781;0.863;0.768;1.829;0.712;1.770;2.985;1.736;0.315;1.118;0.785;0.887;0.846;1.781;3.633;1.098;1.874;1.354;0.660;2.596;2.163;0.738;0.635;1.570;2.760;1.146;0.856;1.443;1.639;1.257;0.989;0.732;1.852;1.450;1.398;1.450;1.740;0.587;1.874;2.730;0.658;1.529;0.903;1.940;0.888;1.851;0.751;0.634;0.738;0.808;0.936;3.078;2.643;0.756;0.287;2.401;2.562;7.820;1.074;0.817;0.705;3.099;2.033;0.751
8B1;7.332;0.473;1.967;1.066;0.738;1.350;1.602;0.677;0.518;1.085;0.594;0.000;0.406;6.086;0.964;0.388;3.814;0.300;0.339;1.252;1.460;2.184;0.302;0.390;0.487;5.226;0.149;0.177;2.118;0.195;6.007;1.308;0.317;0.496;0.657;1.226;0.254;0.559;0.398;1.702;0.334;1.712;2.989;1.692;0.455;0.984;0.440;0.637;0.437;1.720;3.363;0.812;1.846;1.249;0.404;2.525;2.168;0.218;0.175;1.525;2.758;1.276;0.599;1.352;1.608;1.010;0.776;0.506;1.826;1.242;1.353;1.347;1.542;0.470;1.930;2.700;0.173;1.482;0.613;1.996;0.495;1.827;0.211;0.178;0.474;0.255;0.948;3.088;2.608;0.867;0.389;2.402;2.616;7.849;1.157;0.757;0.318;3.146;2.025;0.522
14E1;7.406;0.612;1.735;1.226;0.812;1.502;1.741;0.871;0.842;1.159;0.519;0.406;0.000;6.155;1.113;0.642;3.912;0.524;0.605;1.063;1.624;2.344;0.595;0.233;0.259;5.313;0.454;0.412;1.871;0.552;6.088;1.383;0.312;0.748;0.841;1.359;0.412;0.707;0.707;1.785;0.324;1.872;3.100;1.813;0.313;1.162;0.344;0.854;0.455;1.727;3.168;0.898;1.953;1.405;0.455;2.623;2.272;0.393;0.480;1.727;2.865;1.317;0.370;1.494;1.754;0.777;0.907;0.749;1.934;1.420;1.568;1.474;1.332;0.703;2.052;2.818;0.333;1.639;0.773;2.114;0.414;1.932;0.443;0.318;0.412;0.473;1.115;3.165;2.716;0.953;0.303;2.525;2.726;7.927;1.169;0.937;0.623;3.247;2.203;0.764
19B1;1.257;5.661;6.306;5.141;5.538;4.761;4.502;5.445;6.019;5.034;6.058;6.086;6.155;0.000;5.175;5.722;2.354;5.878;5.812;6.339;4.668;4.035;5.806;6.066;6.084;1.028;5.960;5.933;6.460;6.030;0.417;4.911;6.160;5.636;5.477;4.912;6.174;5.563;5.748;4.521;6.072;4.435;3.146;4.405;5.937;5.126;6.059;5.463;5.915;4.505;7.066;5.389;4.249;4.863;5.750;3.585;3.932;6.128;5.916;4.729;3.356;4.929;6.145;4.759;4.508;6.242;5.329;5.638;4.268;5.048;4.926;4.752;6.209;6.089;4.246;3.423;6.101;4.642;5.500;4.174;6.104;4.267;6.141;6.161;5.809;6.127;5.248;3.002;3.508;5.384;6.166;3.729;3.549;1.806;5.034;5.408;5.888;3.009;4.245;5.615
159A0;6.423;0.643;2.364;0.460;0.434;0.450;0.704;0.317;0.891;0.285;1.000;0.964;1.113;5.175;0.000;0.592;2.877;0.774;0.711;1.658;0.572;1.243;0.689;1.067;1.020;4.288;0.834;0.830;2.541;0.926;5.085;0.398;1.141;0.571;0.330;0.461;1.124;0.570;0.635;1.075;1.014;0.787;2.053;0.784;0.876;0.199;1.118;0.435;0.963;1.088;3.658;0.686;0.935;0.370;0.729;1.666;1.263;1.046;0.805;0.623;1.829;0.431;1.209;0.461;0.704;1.593;0.421;0.485;0.914;0.579;0.491;0.502;1.990;1.051;0.984;1.779;1.005;0.560;0.521;1.052;1.181;0.917;1.046;1.083;0.848;1.059;0.421;2.194;1.693;0.317;1.075;1.465;1.675;6.923;0.402;0.460;0.746;2.205;1.091;0.586
99A0;6.967;0.257;2.089;0.771;0.467;0.971;1.227;0.293;0.508;0.744;0.694;0.388;0.642;5.722;0.592;0.000;3.443;0.230;0.259;1.333;1.079;1.800;0.101;0.578;0.624;4.853;0.256;0.293;2.257;0.387;5.635;0.956;0.613;0.172;0.279;0.897;0.554;0.283;0.113;1.398;0.499;1.330;2.612;1.320;0.518;0.604;0.635;0.290;0.498;1.434;3.421;0.579;1.476;0.869;0.320;2.165;1.805;0.475;0.226;1.146;2.383;0.945;0.760;0.973;1.240;1.191;0.450;0.138;1.456;0.877;0.980;0.979;1.680;0.626;1.562;2.323;0.439;1.106;0.309;1.628;0.690;1.458;0.467;0.522;0.454;0.486;0.658;2.730;2.233;0.560;0.625;2.026;2.247;7.477;0.834;0.490;0.202;2.774;1.645;0.298
108A0;3.590;3.417;4.413;2.840;3.242;2.480;2.230;3.162;3.696;2.759;3.766;3.814;3.912;2.354;2.877;3.443;0.000;3.615;3.525;4.210;2.391;1.719;3.530;3.842;3.821;1.424;3.688;3.662;4.589;3.747;2.273;2.610;3.922;3.371;3.192;2.624;3.932;3.320;3.468;2.379;3.832;2.138;0.865;2.131;3.670;2.844;3.847;3.193;3.701;2.396;5.435;3.189;1.982;2.586;3.506;1.447;1.655;3.878;3.646;2.405;1.082;2.641;3.944;2.487;2.211;4.127;3.085;3.348;1.999;2.806;2.598;2.498;4.211;3.795;1.916;1.178;3.845;2.342;3.255;1.845;3.904;1.999;3.885;3.905;3.586;3.880;2.947;0.854;1.285;3.081;3.889;1.423;1.214;4.078;2.772;3.119;3.605;0.673;1.913;3.337
170A0;7.121;0.263;1.985;0.989;0.586;1.140;1.392;0.467;0.587;0.914;0.718;0.300;0.524;5.878;0.774;0.230;3.615;0.000;0.396;1.133;1.243;1.974;0.195;0.425;0.552;5.017;0.166;0.289;2.143;0.404;5.786;1.119;0.512;0.283;0.448;1.100;0.398;0.346;0.250;1.540;0.295;1.502;2.776;1.487;0.502;0.782;0.516;0.477;0.346;1.547;3.245;0.636;1.638;1.035;0.312;2.310;1.980;0.285;0.189;1.332;2.547;1.110;0.573;1.132;1.427;1.049;0.570;0.330;1.620;0.969;1.170;1.129;1.589;0.700;1.750;2.482;0.268;1.289;0.405;1.816;0.534;1.621;0.281;0.412;0.362;0.297;0.877;2.891;2.385;0.716;0.590;2.198;2.429;7.631;0.968;0.702;0.174;2.948;1.828;0.486
37A0;7.058;0.420;2.078;0.736;0.575;1.094;1.342;0.477;0.458;0.824;0.575;0.339;0.605;5.812;0.711;0.259;3.525;0.396;0.000;1.484;1.207;1.912;0.234;0.597;0.607;4.944;0.293;0.214;2.244;0.236;5.739;1.060;0.527;0.383;0.466;0.917;0.541;0.452;0.293;1.468;0.578;1.446;2.715;1.426;0.475;0.736;0.611;0.408;0.581;1.504;3.569;0.697;1.582;1.000;0.370;2.273;1.883;0.516;0.245;1.255;2.485;1.020;0.828;1.106;1.320;1.189;0.590;0.335;1.560;1.094;1.088;1.106;1.644;0.385;1.637;2.435;0.465;1.205;0.473;1.701;0.704;1.562;0.514;0.453;0.540;0.538;0.618;2.813;2.349;0.650;0.497;2.123;2.322;7.577;0.939;0.430;0.355;2.859;1.747;0.223
199E1;7.572;1.213;1.834;1.986;1.393;1.938;2.138;1.441;1.595;1.717;1.439;1.252;1.063;6.339;1.658;1.333;4.210;1.133;1.484;0.000;2.025;2.690;1.319;0.996;1.102;5.532;1.222;1.301;1.921;1.443;6.232;1.837;1.234;1.342;1.413;2.014;1.148;1.283;1.370;2.226;0.931;2.264;3.376;2.215;1.216;1.684;1.127;1.506;1.025;2.108;2.336;1.392;2.324;1.846;1.211;2.892;2.683;1.068;1.268;2.179;3.160;1.830;0.753;1.900;2.245;1.088;1.444;1.391;2.313;1.621;2.054;1.879;1.643;1.699;2.509;3.086;1.086;2.108;1.345;2.568;1.033;2.309;1.093;1.216;1.046;1.091;1.890;3.472;2.968;1.539;1.321;2.872;3.116;8.062;1.626;1.743;1.255;3.573;2.600;1.578
147A0;5.908;1.067;2.580;0.732;0.993;0.144;0.190;0.798;1.388;0.573;1.565;1.460;1.624;4.668;0.572;1.079;2.391;1.243;1.207;2.025;0.000;0.759;1.165;1.531;1.563;3.792;1.326;1.329;2.768;1.410;4.568;0.574;1.609;0.990;0.836;0.537;1.575;0.969;1.092;0.801;1.487;0.276;1.546;0.309;1.419;0.478;1.552;0.840;1.373;0.871;3.785;0.928;0.461;0.221;1.193;1.140;0.801;1.512;1.288;0.379;1.322;0.647;1.654;0.150;0.300;1.951;0.751;0.986;0.446;0.536;0.461;0.221;2.252;1.538;0.626;1.252;1.488;0.180;0.902;0.677;1.596;0.453;1.512;1.567;1.288;1.506;0.779;1.704;1.168;0.867;1.619;0.970;1.227;6.411;0.684;0.881;1.229;1.730;0.670;1.025
168A0;5.267;1.816;3.248;1.310;1.627;0.860;0.661;1.516;2.023;1.221;2.206;2.184;2.344;4.035;1.243;1.800;1.719;1.974;1.912;2.690;0.759;0.000;1.890;2.272;2.248;3.112;2.052;2.053;3.435;2.122;3.915;1.047;2.350;1.728;1.544;1.115;2.321;1.720;1.811;1.183;2.222;0.487;0.897;0.613;2.106;1.209;2.301;1.575;2.126;1.275;4.335;1.669;0.546;0.960;1.932;0.821;0.533;2.250;2.017;0.704;0.723;1.142;2.387;0.877;0.660;2.690;1.503;1.691;0.553;1.149;0.901;0.933;2.949;2.208;0.450;0.668;2.222;0.723;1.655;0.431;2.350;0.565;2.247;2.302;2.027;2.248;1.395;1.195;0.645;1.475;2.310;0.385;0.616;5.746;1.268;1.551;1.939;1.070;0.239;1.738
100B0;7.049;0.277;2.051;0.838;0.552;1.058;1.313;0.389;0.491;0.831;0.689;0.302;0.595;5.806;0.689;0.101;3.530;0.195;0.234;1.319;1.165;1.890;0.000;0.524;0.606;4.940;0.182;0.227;2.218;0.307;5.720;1.054;0.535;0.216;0.379;0.972;0.466;0.323;0.123;1.452;0.448;1.418;2.700;1.407;0.512;0.692;0.573;0.352;0.455;1.496;3.400;0.605;1.563;0.956;0.313;2.243;1.889;0.396;0.142;1.235;2.470;1.038;0.719;1.062;1.325;1.140;0.517;0.231;1.543;0.957;1.069;1.063;1.636;0.571;1.653;2.410;0.364;1.194;0.359;1.718;0.627;1.545;0.385;0.437;0.439;0.404;0.723;2.812;2.319;0.652;0.581;2.114;2.335;7.563;0.924;0.542;0.175;2.863;1.734;0.315
220E1;7.312;0.478;1.633;1.207;0.833;1.417;1.650;0.800;0.881;1.112;0.703;0.390;0.233;6.066;1.067;0.578;3.842;0.425;0.597;0.996;1.531;2.272;0.524;0.000;0.430;5.237;0.403;0.390;1.781;0.546;5.995;1.363;0.272;0.637;0.781;1.312;0.300;0.575;0.630;1.665;0.207;1.792;3.018;1.730;0.439;1.080;0.186;0.759;0.241;1.619;3.036;0.738;1.869;1.317;0.357;2.512;2.197;0.288;0.416;1.670;2.782;1.304;0.256;1.404;1.684;0.667;0.791;0.698;1.852;1.303;1.520;1.375;1.234;0.767;2.007;2.725;0.259;1.567;0.645;2.067;0.217;1.850;0.352;0.292;0.263;0.349;1.098;3.079;2.621;0.966;0.485;2.449;2.668;7.837;1.138;0.910;0.568;3.181;2.143;0.711
2E1;7.337;0.653;1.933;1.161;0.655;1.434;1.678;0.816;0.774;1.077;0.365;0.487;0.259;6.084;1.020;0.624;3.821;0.552;0.607;1.102;1.563;2.248;0.606;0.430;0.000;5.223;0.500;0.464;2.070;0.614;6.012;1.248;0.529;0.761;0.774;1.298;0.597;0.735;0.707;1.777;0.438;1.794;3.015;1.746;0.188;1.108;0.569;0.845;0.608;1.730;3.276;0.947;1.883;1.343;0.511;2.579;2.200;0.527;0.532;1.627;2.786;1.191;0.522;1.431;1.684;1.000;0.908;0.698;1.863;1.360;1.462;1.427;1.538;0.727;1.947;2.744;0.450;1.562;0.793;2.011;0.642;1.861;0.555;0.482;0.493;0.609;1.051;3.101;2.646;0.803;0.287;2.440;2.629;7.847;1.058;0.901;0.610;3.154;2.097;0.776
109A0;2.210;4.817;5.671;4.263;4.647;3.885;3.632;4.570;5.113;4.168;5.178;5.226;5.313;1.028;4.288;4.853;1.424;5.017;4.944;5.532;3.792;3.112;4.940;5.237;5.223;0.000;5.098;5.075;5.836;5.164;0.918;4.012;5.327;4.775;4.599;4.044;5.335;4.719;4.877;3.737;5.228;3.542;2.246;3.536;5.076;4.252;5.242;4.603;5.091;3.740;6.503;4.574;3.383;3.990;4.909;2.779;3.066;5.279;5.057;3.809;2.472;4.045;5.324;3.888;3.628;5.483;4.484;4.759;3.401;4.174;4.004;3.896;5.522;5.218;3.335;2.547;5.249;3.755;4.655;3.265;5.292;3.401;5.288;5.314;4.978;5.281;4.370;2.185;2.645;4.488;5.302;2.831;2.635;2.662;4.167;4.540;5.012;2.091;3.310;4.754
124A0;7.205;0.348;1.988;0.979;0.625;1.219;1.472;0.540;0.506;0.966;0.617;0.149;0.454;5.960;0.834;0.256;3.688;0.166;0.293;1.222;1.326;2.052;0.182;0.403;0.500;5.098;0.000;0.159;2.144;0.251;5.876;1.182;0.407;0.361;0.519;1.123;0.325;0.431;0.275;1.602;0.314;1.580;2.858;1.563;0.441;0.852;0.471;0.519;0.389;1.613;3.342;0.713;1.717;1.115;0.318;2.397;2.046;0.246;0.074;1.397;2.628;1.159;0.600;1.217;1.486;1.041;0.647;0.373;1.698;1.098;1.228;1.214;1.573;0.545;1.808;2.568;0.204;1.355;0.485;1.874;0.518;1.699;0.239;0.292;0.407;0.272;0.863;2.965;2.475;0.753;0.463;2.273;2.493;7.719;1.035;0.676;0.199;3.020;1.898;0.445
219D1;7.179;0.368;1.933;0.911;0.629;1.214;1.462;0.562;0.545;0.925;0.545;0.177;0.412;5.933;0.830;0.293;3.662;0.289;0.214;1.301;1.329;2.053;0.227;0.390;0.464;5.075;0.159;0.000;2.093;0.214;5.859;1.168;0.345;0.414;0.544;1.066;0.357;0.442;0.341;1.550;0.381;1.579;2.844;1.546;0.369;0.853;0.425;0.506;0.414;1.562;3.388;0.687;1.698;1.115;0.268;2.379;2.013;0.327;0.125;1.408;2.611;1.122;0.623;1.217;1.462;1.008;0.640;0.415;1.678;1.158;1.242;1.208;1.505;0.450;1.783;2.558;0.266;1.343;0.491;1.846;0.512;1.679;0.341;0.262;0.389;0.368;0.794;2.932;2.466;0.741;0.382;2.257;2.465;7.699;1.005;0.601;0.325;2.995;1.899;0.383
25E1;7.650;2.042;0.218;2.570;2.453;2.684;2.796;2.373;2.626;2.419;2.291;2.118;1.871;6.460;2.541;2.257;4.589;2.143;2.244;1.921;2.768;3.435;2.218;1.781;2.070;5.836;2.144;2.093;0.000;2.208;6.461;2.728;1.828;2.235;2.377;2.565;1.921;2.082;2.302;2.459;1.944;2.998;3.878;2.831;2.074;2.491;1.682;2.271;1.800;2.251;2.379;1.962;2.906;2.616;1.956;3.244;3.140;2.002;2.130;3.066;3.649;2.602;1.710;2.649;2.858;1.126;2.166;2.365;2.899;2.672;2.994;2.556;0.643;2.325;3.173;3.603;2.014;2.821;2.121;3.203;1.645;2.890;2.062;1.964;1.844;2.015;2.511;3.741;3.481;2.527;2.108;3.439;3.636;8.233;2.422;2.366;2.306;4.033;3.405;2.248
80A0;7.273;0.522;2.051;0.959;0.755;1.303;1.552;0.661;0.441;1.052;0.616;0.195;0.552;6.030;0.926;0.387;3.747;0.404;0.236;1.443;1.410;2.122;0.307;0.546;0.614;5.164;0.251;0.214;2.208;0.000;5.954;1.283;0.409;0.493;0.648;1.142;0.389;0.582;0.378;1.657;0.518;1.655;2.932;1.641;0.537;0.939;0.549;0.590;0.561;1.696;3.529;0.828;1.798;1.206;0.463;2.478;2.104;0.395;0.229;1.456;2.702;1.250;0.777;1.312;1.538;1.128;0.766;0.489;1.778;1.248;1.283;1.310;1.613;0.319;1.863;2.647;0.362;1.420;0.619;1.928;0.625;1.780;0.381;0.309;0.589;0.408;0.843;3.031;2.561;0.856;0.450;2.341;2.547;7.793;1.158;0.653;0.365;3.081;1.955;0.418
58A0;1.393;5.579;6.304;5.080;5.448;4.668;4.410;5.353;5.924;4.961;5.993;6.007;6.088;0.417;5.085;5.635;2.273;5.786;5.739;6.232;4.568;3.915;5.720;5.995;6.012;0.918;5.876;5.859;6.461;5.954;0.000;4.821;6.097;5.545;5.384;4.850;6.097;5.481;5.657;4.474;5.988;4.331;3.039;4.318;5.869;5.035;5.997;5.381;5.838;4.466;6.975;5.318;4.163;4.769;5.679;3.506;3.863;6.043;5.835;4.617;3.260;4.854;6.068;4.664;4.427;6.195;5.248;5.546;4.184;4.922;4.814;4.664;6.199;6.028;4.160;3.317;6.019;4.551;5.418;4.091;6.036;4.183;6.054;6.089;5.736;6.040;5.183;2.951;3.404;5.296;6.102;3.633;3.468;1.847;4.957;5.343;5.792;2.923;4.127;5.543
110B0;6.163;0.985;2.553;0.637;0.638;0.469;0.623;0.694;1.214;0.368;1.209;1.308;1.383;4.911;0.398;0.956;2.610;1.119;1.060;1.837;0.574;1.047;1.054;1.363;1.248;4.012;1.182;1.168;2.728;1.283;4.821;0.000;1.465;0.952;0.693;0.541;1.471;0.917;1.014;1.083;1.322;0.671;1.809;0.651;1.114;0.525;1.428;0.815;1.283;1.045;3.781;0.970;0.760;0.470;1.044;1.499;1.060;1.385;1.160;0.579;1.593;0.190;1.472;0.479;0.611;1.849;0.748;0.852;0.740;0.723;0.532;0.538;2.210;1.372;0.739;1.563;1.335;0.500;0.874;0.807;1.495;0.740;1.391;1.416;1.133;1.410;0.657;1.960;1.478;0.481;1.343;1.240;1.417;6.652;0.313;0.771;1.101;1.940;0.911;0.952
4D1;7.405;0.578;1.680;1.191;0.934;1.496;1.731;0.873;0.815;1.194;0.682;0.317;0.312;6.160;1.141;0.613;3.922;0.512;0.527;1.234;1.609;2.350;0.535;0.272;0.529;5.327;0.407;0.345;1.828;0.409;6.097;1.465;0.000;0.687;0.860;1.334;0.228;0.666;0.643;1.727;0.387;1.867;3.108;1.811;0.507;1.146;0.207;0.790;0.395;1.708;3.228;0.832;1.958;1.398;0.444;2.603;2.267;0.324;0.402;1.727;2.871;1.399;0.499;1.492;1.739;0.738;0.875;0.743;1.939;1.431;1.571;1.465;1.248;0.577;2.073;2.817;0.300;1.632;0.725;2.133;0.299;1.938;0.370;0.154;0.456;0.366;1.080;3.163;2.719;1.053;0.418;2.529;2.739;7.937;1.262;0.882;0.603;3.261;2.208;0.663
54A0;6.877;0.215;2.063;0.779;0.554;0.894;1.143;0.262;0.629;0.724;0.853;0.496;0.748;5.636;0.571;0.172;3.371;0.283;0.383;1.342;0.990;1.728;0.216;0.637;0.761;4.775;0.361;0.414;2.235;0.493;5.545;0.952;0.687;0.000;0.276;0.869;0.602;0.200;0.157;1.316;0.557;1.253;2.532;1.243;0.655;0.533;0.674;0.231;0.492;1.351;3.368;0.490;1.399;0.788;0.367;2.065;1.735;0.533;0.326;1.093;2.303;0.950;0.802;0.890;1.175;1.195;0.355;0.205;1.381;0.770;0.942;0.887;1.667;0.749;1.518;2.235;0.520;1.040;0.208;1.581;0.707;1.383;0.527;0.612;0.483;0.523;0.678;2.649;2.142;0.622;0.773;1.952;2.187;7.389;0.829;0.519;0.293;2.706;1.586;0.331
163A0;6.723;0.366;2.206;0.635;0.328;0.725;0.984;0.060;0.659;0.522;0.813;0.657;0.841;5.477;0.330;0.279;3.192;0.448;0.466;1.413;0.836;1.544;0.379;0.781;0.774;4.599;0.519;0.544;2.377;0.648;5.384;0.693;0.860;0.276;0.000;0.712;0.813;0.323;0.328;1.251;0.703;1.079;2.358;1.076;0.649;0.372;0.847;0.255;0.678;1.269;3.480;0.567;1.230;0.624;0.471;1.936;1.568;0.724;0.497;0.901;2.132;0.706;0.927;0.725;1.006;1.357;0.330;0.176;1.210;0.656;0.743;0.743;1.818;0.838;1.310;2.074;0.688;0.861;0.303;1.377;0.899;1.212;0.721;0.784;0.589;0.736;0.542;2.492;1.983;0.360;0.826;1.774;1.996;7.226;0.603;0.444;0.423;2.522;1.392;0.401
39B0;6.158;0.912;2.377;0.262;0.814;0.432;0.571;0.681;1.179;0.336;1.226;1.226;1.359;4.912;0.461;0.897;2.624;1.100;0.917;2.014;0.537;1.115;0.972;1.312;1.298;4.044;1.123;1.066;2.565;1.142;4.850;0.541;1.334;0.869;0.712;0.000;1.368;0.826;0.937;0.803;1.320;0.682;1.841;0.608;1.125;0.440;1.307;0.655;1.209;0.854;3.876;0.801;0.746;0.430;0.958;1.434;0.988;1.332;1.072;0.648;1.610;0.471;1.486;0.473;0.470;1.737;0.627;0.830;0.722;0.872;0.614;0.470;2.004;1.182;0.780;1.580;1.288;0.437;0.765;0.832;1.393;0.725;1.341;1.313;1.093;1.344;0.345;1.918;1.503;0.674;1.298;1.254;1.429;6.680;0.551;0.498;1.085;1.964;0.986;0.733
212C1;7.416;0.528;1.775;1.235;0.927;1.473;1.714;0.825;0.752;1.219;0.781;0.254;0.412;6.174;1.124;0.554;3.932;0.398;0.541;1.148;1.575;2.321;0.466;0.300;0.597;5.335;0.325;0.357;1.921;0.389;6.097;1.471;0.228;0.602;0.813;1.368;0.000;0.621;0.554;1.755;0.291;1.840;3.102;1.805;0.596;1.114;0.301;0.760;0.332;1.753;3.173;0.822;1.955;1.369;0.466;2.599;2.282;0.152;0.339;1.686;2.867;1.431;0.480;1.466;1.738;0.812;0.852;0.682;1.937;1.335;1.526;1.445;1.361;0.649;2.081;2.804;0.190;1.617;0.683;2.143;0.299;1.937;0.186;0.171;0.466;0.155;1.122;3.181;2.705;1.057;0.532;2.524;2.750;7.941;1.287;0.922;0.488;3.270;2.179;0.672
67B0;6.806;0.104;1.907;0.774;0.564;0.865;1.100;0.306;0.788;0.647;0.863;0.559;0.707;5.563;0.570;0.283;3.320;0.346;0.452;1.283;0.969;1.720;0.323;0.575;0.735;4.719;0.431;0.442;2.082;0.582;5.481;0.917;0.666;0.200;0.323;0.826;0.621;0.000;0.330;1.210;0.544;1.236;2.485;1.191;0.618;0.526;0.601;0.247;0.415;1.208;3.255;0.330;1.339;0.761;0.270;1.990;1.676;0.566;0.391;1.128;2.251;0.887;0.728;0.852;1.143;1.075;0.240;0.332;1.322;0.784;0.997;0.828;1.521;0.822;1.489;2.187;0.545;1.020;0.073;1.549;0.639;1.322;0.582;0.629;0.364;0.568;0.680;2.573;2.087;0.623;0.780;1.911;2.145;7.325;0.736;0.522;0.433;2.658;1.596;0.375
69A0;6.990;0.311;2.134;0.808;0.549;0.993;1.248;0.331;0.477;0.809;0.768;0.398;0.707;5.748;0.635;0.113;3.468;0.250;0.293;1.370;1.092;1.811;0.123;0.630;0.707;4.877;0.275;0.341;2.302;0.378;5.657;1.014;0.643;0.157;0.328;0.937;0.554;0.330;0.000;1.432;0.535;1.344;2.633;1.347;0.611;0.627;0.677;0.315;0.532;1.484;3.449;0.620;1.506;0.890;0.400;2.187;1.835;0.481;0.247;1.150;2.406;1.016;0.811;0.997;1.263;1.233;0.492;0.173;1.487;0.874;0.982;1.005;1.724;0.633;1.593;2.342;0.461;1.127;0.348;1.659;0.719;1.489;0.461;0.544;0.528;0.474;0.698;2.760;2.254;0.634;0.686;2.048;2.275;7.500;0.912;0.532;0.179;2.801;1.653;0.320
184E0;5.753;1.305;2.253;1.020;1.413;0.782;0.711;1.205;1.795;0.891;1.829;1.702;1.785;4.521;1.075;1.398;2.379;1.540;1.468;2.226;0.801;1.183;1.452;1.665;1.777;3.737;1.602;1.550;2.459;1.657;4.474;1.083;1.727;1.316;1.251;0.803;1.755;1.210;1.432;0.000;1.708;0.873;1.624;0.704;1.633;0.957;1.630;1.125;1.524;0.552;3.622;0.957;0.737;0.820;1.374;1.047;0.870;1.735;1.544;1.097;1.394;1.018;1.785;0.792;0.749;1.880;1.018;1.375;0.730;1.121;1.161;0.727;1.967;1.743;1.004;1.348;1.711;0.809;1.152;1.005;1.685;0.726;1.754;1.739;1.427;1.735;1.074;1.580;1.258;1.309;1.824;1.160;1.360;6.302;1.006;1.134;1.583;1.785;1.195;1.271
180D0;7.318;0.441;1.800;1.213;0.761;1.379;1.622;0.728;0.775;1.108;0.712;0.334;0.324;6.072;1.014;0.499;3.832;0.295;0.578;0.931;1.487;2.222;0.448;0.207;0.438;5.228;0.314;0.381;1.944;0.518;5.988;1.322;0.387;0.557;0.703;1.320;0.291;0.544;0.535;1.708;0.000;1.748;2.996;1.709;0.467;1.032;0.361;0.726;0.265;1.675;3.058;0.767;1.853;1.275;0.388;2.510;2.195;0.182;0.355;1.600;2.765;1.291;0.300;1.365;1.664;0.826;0.773;0.606;1.836;1.203;1.442;1.349;1.416;0.786;1.982;2.702;0.169;1.532;0.615;2.045;0.345;1.835;0.228;0.322;0.315;0.242;1.100;3.088;2.599;0.909;0.521;2.426;2.653;7.832;1.127;0.918;0.432;3.167;2.086;0.705
207A0;5.674;1.333;2.810;0.887;1.196;0.376;0.208;1.047;1.599;0.766;1.770;1.712;1.872;4.435;0.787;1.330;2.138;1.502;1.446;2.264;0.276;0.487;1.418;1.792;1.794;3.542;1.580;1.579;2.998;1.655;4.331;0.671;1.867;1.253;1.079;0.682;1.840;1.236;1.344;0.873;1.748;0.000;1.298;0.233;1.648;0.730;1.816;1.096;1.642;0.957;3.988;1.189;0.317;0.476;1.450;0.972;0.598;1.774;1.543;0.366;1.081;0.756;1.914;0.395;0.254;2.212;1.017;1.229;0.306;0.744;0.539;0.457;2.492;1.759;0.406;1.018;1.747;0.256;1.170;0.448;1.865;0.320;1.773;1.824;1.548;1.772;0.958;1.490;0.946;1.052;1.850;0.717;0.970;6.170;0.848;1.094;1.478;1.474;0.414;1.266
134A0;4.385;2.583;3.697;2.069;2.429;1.642;1.390;2.328;2.885;1.952;2.985;2.989;3.100;3.146;2.053;2.612;0.865;2.776;2.715;3.376;1.546;0.897;2.700;3.018;3.015;2.246;2.858;2.844;3.878;2.932;3.039;1.809;3.108;2.532;2.358;1.841;3.102;2.485;2.633;1.624;2.996;1.298;0.000;1.299;2.869;2.010;3.031;2.365;2.868;1.650;4.713;2.364;1.151;1.746;2.685;0.684;0.871;3.042;2.819;1.587;0.242;1.855;3.115;1.645;1.400;3.329;2.252;2.517;1.170;1.944;1.783;1.659;3.470;3.009;1.137;0.323;3.013;1.517;2.420;1.071;3.079;1.172;3.047;3.084;2.761;3.041;2.167;0.469;0.436;2.274;3.091;0.596;0.505;4.875;1.970;2.327;2.768;0.293;1.116;2.527
71A0;5.650;1.289;2.643;0.851;1.187;0.364;0.124;1.042;1.640;0.682;1.736;1.692;1.813;4.405;0.784;1.320;2.131;1.487;1.426;2.215;0.309;0.613;1.407;1.730;1.746;3.536;1.563;1.546;2.831;1.641;4.318;0.651;1.811;1.243;1.076;0.608;1.805;1.191;1.347;0.704;1.709;0.233;1.299;0.000;1.595;0.722;1.743;1.071;1.583;0.733;3.883;1.102;0.163;0.466;1.390;0.891;0.509;1.748;1.522;0.543;1.066;0.683;1.848;0.367;0.205;2.099;0.958;1.234;0.144;0.803;0.677;0.375;2.338;1.742;0.423;1.014;1.718;0.277;1.126;0.451;1.796;0.151;1.755;1.785;1.478;1.749;0.926;1.422;0.925;1.043;1.809;0.722;0.966;6.159;0.759;1.057;1.486;1.468;0.592;1.239
83E1;7.190;0.548;1.927;0.985;0.546;1.288;1.529;0.688;0.721;0.920;0.315;0.455;0.313;5.937;0.876;0.518;3.670;0.502;0.475;1.216;1.419;2.106;0.512;0.439;0.188;5.076;0.441;0.369;2.074;0.537;5.869;1.114;0.507;0.655;0.649;1.125;0.596;0.618;0.611;1.633;0.467;1.648;2.869;1.595;0.000;0.963;0.542;0.705;0.570;1.580;3.359;0.831;1.733;1.200;0.392;2.432;2.043;0.538;0.454;1.488;2.638;1.046;0.592;1.287;1.525;1.019;0.768;0.585;1.713;1.264;1.328;1.280;1.521;0.640;1.794;2.598;0.456;1.410;0.668;1.858;0.639;1.711;0.569;0.472;0.432;0.613;0.877;2.948;2.502;0.675;0.281;2.290;2.475;7.704;0.923;0.727;0.556;3.004;1.955;0.622
119A0;6.369;0.618;2.308;0.484;0.587;0.369;0.625;0.329;0.950;0.337;1.118;0.984;1.162;5.126;0.199;0.604;2.844;0.782;0.736;1.684;0.478;1.209;0.692;1.080;1.108;4.252;0.852;0.853;2.491;0.939;5.035;0.525;1.146;0.533;0.372;0.440;1.114;0.526;0.627;0.957;1.032;0.730;2.010;0.722;0.963;0.000;1.108;0.378;0.939;1.004;3.607;0.587;0.881;0.268;0.736;1.580;1.215;1.049;0.814;0.611;1.782;0.551;1.225;0.376;0.649;1.567;0.339;0.516;0.862;0.500;0.506;0.398;1.938;1.085;0.987;1.721;1.020;0.509;0.461;1.050;1.161;0.865;1.049;1.095;0.853;1.049;0.455;2.140;1.633;0.500;1.149;1.424;1.655;6.877;0.504;0.472;0.766;2.177;1.073;0.569
21D1;7.303;0.516;1.529;1.202;0.938;1.441;1.665;0.856;0.946;1.142;0.785;0.440;0.344;6.059;1.118;0.635;3.847;0.516;0.611;1.127;1.552;2.301;0.573;0.186;0.569;5.242;0.471;0.425;1.682;0.549;5.997;1.428;0.207;0.674;0.847;1.307;0.301;0.601;0.677;1.630;0.361;1.816;3.031;1.743;0.542;1.108;0.000;0.773;0.267;1.585;3.063;0.719;1.883;1.343;0.391;2.504;2.198;0.369;0.462;1.710;2.792;1.355;0.387;1.430;1.691;0.586;0.803;0.763;1.865;1.366;1.568;1.391;1.110;0.747;2.031;2.736;0.357;1.587;0.664;2.088;0.144;1.863;0.430;0.308;0.339;0.403;1.097;3.072;2.632;1.052;0.550;2.463;2.680;7.837;1.196;0.903;0.653;3.192;2.177;0.697
74B0;6.705;0.321;2.090;0.575;0.540;0.732;0.978;0.211;0.714;0.548;0.887;0.637;0.854;5.463;0.435;0.290;3.193;0.477;0.408;1.506;0.840;1.575;0.352;0.759;0.845;4.603;0.519;0.506;2.271;0.590;5.381;0.815;0.790;0.231;0.255;0.655;0.760;0.247;0.315;1.125;0.726;1.096;2.365;1.071;0.705;0.378;0.773;0.000;0.630;1.189;3.476;0.415;1.228;0.633;0.427;1.900;1.549;0.711;0.466;0.955;2.134;0.795;0.941;0.739;0.990;1.281;0.248;0.278;1.209;0.738;0.816;0.734;1.688;0.769;1.338;2.074;0.683;0.868;0.197;1.399;0.833;1.211;0.712;0.738;0.568;0.711;0.482;2.468;1.984;0.548;0.845;1.781;2.006;7.223;0.698;0.337;0.476;2.529;1.433;0.249
10D1;7.157;0.326;1.642;1.132;0.814;1.271;1.497;0.684;0.893;1.017;0.846;0.437;0.455;5.915;0.963;0.498;3.701;0.346;0.581;1.025;1.373;2.126;0.455;0.241;0.608;5.091;0.389;0.414;1.800;0.561;5.838;1.283;0.395;0.492;0.678;1.209;0.332;0.415;0.532;1.524;0.265;1.642;2.868;1.583;0.570;0.939;0.267;0.630;0.000;1.480;3.009;0.572;1.724;1.168;0.298;2.346;2.059;0.313;0.384;1.538;2.632;1.236;0.374;1.252;1.547;0.718;0.632;0.613;1.708;1.132;1.401;1.218;1.255;0.833;1.890;2.567;0.321;1.429;0.484;1.949;0.241;1.706;0.365;0.400;0.218;0.325;1.029;2.934;2.461;0.929;0.657;2.304;2.538;7.682;1.063;0.843;0.513;3.044;2.007;0.631
11E1;5.745;1.290;2.067;1.079;1.386;0.848;0.767;1.234;1.872;0.856;1.781;1.720;1.727;4.505;1.088;1.434;2.396;1.547;1.504;2.108;0.871;1.275;1.496;1.619;1.730;3.740;1.613;1.562;2.251;1.696;4.466;1.045;1.708;1.351;1.269;0.854;1.753;1.208;1.484;0.552;1.675;0.957;1.650;0.733;1.580;1.004;1.585;1.189;1.480;0.000;3.511;0.995;0.739;0.875;1.339;1.057;0.898;1.736;1.564;1.208;1.414;0.949;1.713;0.819;0.823;1.756;1.000;1.409;0.738;1.181;1.271;0.716;1.828;1.804;1.044;1.380;1.709;0.883;1.160;1.047;1.633;0.726;1.768;1.744;1.381;1.744;1.129;1.565;1.267;1.288;1.798;1.200;1.390;6.294;0.907;1.182;1.619;1.798;1.309;1.319
23E1;8.180;3.221;2.410;3.943;3.544;3.737;3.831;3.481;3.788;3.618;3.633;3.363;3.168;7.066;3.658;3.421;5.435;3.245;3.569;2.336;3.785;4.335;3.400;3.036;3.276;6.503;3.342;3.388;2.379;3.529;6.975;3.781;3.228;3.368;3.480;3.876;3.173;3.255;3.449;3.622;3.058;3.988;4.713;3.883;3.359;3.607;3.063;3.476;3.009;3.511;0.000;3.152;3.932;3.672;3.238;4.151;4.219;3.158;3.358;4.065;4.532;3.750;2.816;3.687;3.993;2.644;3.352;3.495;3.933;3.444;4.010;3.628;2.660;3.777;4.250;4.445;3.194;3.906;3.296;4.280;2.955;3.924;3.191;3.271;3.054;3.156;3.874;4.682;4.318;3.646;3.463;4.391;4.642;8.678;3.534;3.737;3.395;4.942;4.349;3.589
188E1;6.628;0.397;1.770;0.825;0.792;0.829;1.021;0.532;1.070;0.651;1.098;0.812;0.898;5.389;0.686;0.579;3.189;0.636;0.697;1.392;0.928;1.669;0.605;0.738;0.947;4.574;0.713;0.687;1.962;0.828;5.318;0.970;0.832;0.490;0.567;0.801;0.822;0.330;0.620;0.957;0.767;1.189;2.364;1.102;0.831;0.587;0.719;0.415;0.572;0.995;3.152;0.000;1.236;0.743;0.484;1.819;1.554;0.796;0.662;1.168;2.127;0.913;0.862;0.815;1.082;1.069;0.310;0.623;1.220;0.822;1.079;0.762;1.403;1.026;1.444;2.062;0.782;0.988;0.307;1.493;0.753;1.218;0.822;0.835;0.508;0.796;0.761;2.410;1.958;0.808;1.004;1.812;2.050;7.160;0.754;0.637;0.734;2.543;1.578;0.567
176A1;5.495;1.436;2.720;0.994;1.325;0.522;0.276;1.197;1.799;0.817;1.874;1.846;1.953;4.249;0.935;1.476;1.982;1.638;1.582;2.324;0.461;0.546;1.563;1.869;1.883;3.383;1.717;1.698;2.906;1.798;4.163;0.760;1.958;1.399;1.230;0.746;1.955;1.339;1.506;0.737;1.853;0.317;1.151;0.163;1.733;0.881;1.883;1.228;1.724;0.739;3.932;1.236;0.000;0.623;1.534;0.749;0.374;1.898;1.676;0.661;0.916;0.787;1.980;0.520;0.334;2.216;1.106;1.390;0.026;0.928;0.813;0.521;2.432;1.897;0.392;0.868;1.867;0.431;1.275;0.396;1.934;0.027;1.907;1.936;1.615;1.901;1.074;1.267;0.776;1.180;1.954;0.586;0.833;6.004;0.868;1.209;1.642;1.321;0.583;1.395
118A0;6.106;0.858;2.430;0.592;0.789;0.108;0.363;0.587;1.202;0.388;1.354;1.249;1.405;4.863;0.370;0.869;2.586;1.035;1.000;1.846;0.221;0.960;0.956;1.317;1.343;3.990;1.115;1.115;2.616;1.206;4.769;0.470;1.398;0.788;0.624;0.430;1.369;0.761;0.890;0.820;1.275;0.476;1.746;0.466;1.200;0.268;1.343;0.633;1.168;0.875;3.672;0.743;0.623;0.000;0.978;1.323;0.968;1.303;1.077;0.457;1.518;0.524;1.444;0.115;0.425;1.759;0.546;0.779;0.605;0.464;0.442;0.179;2.087;1.341;0.765;1.455;1.275;0.278;0.695;0.823;1.391;0.609;1.305;1.355;1.075;1.302;0.614;1.885;1.366;0.672;1.402;1.166;1.408;6.612;0.522;0.691;1.026;1.921;0.849;0.825
183D0;6.997;0.196;1.790;0.861;0.579;1.076;1.311;0.481;0.755;0.772;0.660;0.404;0.455;5.750;0.729;0.320;3.506;0.312;0.370;1.211;1.193;1.932;0.313;0.357;0.511;4.909;0.318;0.268;1.956;0.463;5.679;1.044;0.444;0.367;0.471;0.958;0.466;0.270;0.400;1.374;0.388;1.450;2.685;1.390;0.392;0.736;0.391;0.427;0.298;1.339;3.238;0.484;1.534;0.978;0.000;2.195;1.857;0.428;0.286;1.331;2.449;0.984;0.555;1.067;1.333;0.908;0.458;0.422;1.515;1.030;1.188;1.041;1.385;0.682;1.660;2.395;0.381;1.219;0.329;1.720;0.467;1.514;0.465;0.428;0.193;0.463;0.756;2.755;2.295;0.675;0.543;2.109;2.324;7.521;0.833;0.574;0.431;2.843;1.800;0.404
203B0;4.821;2.090;3.059;1.687;2.058;1.231;0.972;1.897;2.514;1.532;2.596;2.525;2.623;3.585;1.666;2.165;1.447;2.310;2.273;2.892;1.140;0.821;2.243;2.512;2.579;2.779;2.397;2.379;3.244;2.478;3.506;1.499;2.603;2.065;1.936;1.434;2.599;1.990;2.187;1.047;2.510;0.972;0.684;0.891;2.432;1.580;2.504;1.900;2.346;1.057;4.151;1.819;0.749;1.323;2.195;0.000;0.555;2.555;2.352;1.330;0.488;1.513;2.604;1.221;1.031;2.748;1.759;2.092;0.771;1.537;1.509;1.197;2.847;2.583;0.956;0.424;2.533;1.151;1.926;0.901;2.542;0.769;2.567;2.598;2.256;2.549;1.774;0.663;0.339;1.920;2.653;0.537;0.707;5.348;1.574;1.899;2.331;0.900;1.026;2.071
128B0;5.179;1.773;2.952;1.226;1.650;0.864;0.620;1.535;2.102;1.125;2.163;2.168;2.272;3.932;1.263;1.805;1.655;1.980;1.883;2.683;0.801;0.533;1.889;2.197;2.200;3.066;2.046;2.013;3.140;2.104;3.863;1.060;2.267;1.735;1.568;0.988;2.282;1.676;1.835;0.870;2.195;0.598;0.871;0.509;2.043;1.215;2.198;1.549;2.059;0.898;4.219;1.554;0.374;0.968;1.857;0.555;0.000;2.234;2.000;0.920;0.635;1.067;2.318;0.875;0.588;2.519;1.440;1.722;0.385;1.291;1.091;0.874;2.676;2.168;0.439;0.630;2.200;0.736;1.610;0.380;2.259;0.385;2.244;2.253;1.946;2.238;1.325;0.944;0.568;1.493;2.255;0.343;0.519;5.696;1.182;1.482;1.979;1.002;0.647;1.691
45C0;7.371;0.468;1.855;1.205;0.823;1.408;1.655;0.742;0.687;1.159;0.738;0.218;0.393;6.128;1.046;0.475;3.878;0.285;0.516;1.068;1.512;2.250;0.396;0.288;0.527;5.279;0.246;0.327;2.002;0.395;6.043;1.385;0.324;0.533;0.724;1.332;0.152;0.566;0.481;1.735;0.182;1.774;3.042;1.748;0.538;1.049;0.369;0.711;0.313;1.736;3.158;0.796;1.898;1.303;0.428;2.555;2.234;0.000;0.283;1.610;2.810;1.358;0.440;1.400;1.686;0.883;0.803;0.595;1.880;1.240;1.446;1.387;1.453;0.679;2.017;2.745;0.085;1.556;0.631;2.082;0.361;1.880;0.066;0.220;0.416;0.084;1.090;3.138;2.647;0.964;0.517;2.464;2.693;7.888;1.210;0.897;0.381;3.213;2.106;0.656
101A0;7.161;0.315;1.970;0.929;0.627;1.180;1.431;0.512;0.519;0.927;0.635;0.175;0.480;5.916;0.805;0.226;3.646;0.189;0.245;1.268;1.288;2.017;0.142;0.416;0.532;5.057;0.074;0.125;2.130;0.229;5.835;1.160;0.402;0.326;0.497;1.072;0.339;0.391;0.247;1.544;0.355;1.543;2.819;1.522;0.454;0.814;0.462;0.466;0.384;1.564;3.358;0.662;1.676;1.077;0.286;2.352;2.000;0.283;0.000;1.367;2.587;1.132;0.628;1.180;1.442;1.039;0.605;0.354;1.656;1.081;1.201;1.174;1.550;0.520;1.770;2.528;0.244;1.315;0.442;1.835;0.519;1.658;0.282;0.301;0.396;0.303;0.813;2.919;2.435;0.742;0.482;2.233;2.452;7.678;1.010;0.622;0.223;2.979;1.864;0.383
164A0;5.965;1.215;2.880;0.755;1.000;0.409;0.475;0.876;1.322;0.721;1.570;1.525;1.727;4.729;0.623;1.146;2.405;1.332;1.255;2.179;0.379;0.704;1.235;1.670;1.627;3.809;1.397;1.408;3.066;1.456;4.617;0.579;1.727;1.093;0.901;0.648;1.686;1.128;1.150;1.097;1.600;0.366;1.587;0.543;1.488;0.611;1.710;0.955;1.538;1.208;4.065;1.168;0.661;0.457;1.331;1.330;0.920;1.610;1.367;0.000;1.387;0.710;1.806;0.452;0.441;2.175;0.946;1.028;0.645;0.667;0.199;0.560;2.525;1.547;0.590;1.331;1.580;0.328;1.066;0.656;1.764;0.656;1.598;1.660;1.448;1.608;0.806;1.816;1.275;0.861;1.665;1.012;1.227;6.448;0.819;0.942;1.271;1.743;0.513;1.104
150A0;4.599;2.349;3.466;1.842;2.208;1.414;1.160;2.101;2.669;1.720;2.760;2.758;2.865;3.356;1.829;2.383;1.082;2.547;2.485;3.160;1.322;0.723;2.470;2.782;2.786;2.472;2.628;2.611;3.649;2.702;3.260;1.593;2.871;2.303;2.132;1.610;2.867;2.251;2.406;1.394;2.765;1.081;0.242;1.066;2.638;1.782;2.792;2.134;2.632;1.414;4.532;2.127;0.916;1.518;2.449;0.488;0.635;2.810;2.587;1.387;0.000;1.633;2.882;1.417;1.171;3.089;2.017;2.291;0.935;1.735;1.581;1.426;3.233;2.781;0.930;0.149;2.781;1.292;2.186;0.863;2.841;0.936;2.817;2.850;2.526;2.810;1.939;0.495;0.237;2.055;2.860;0.382;0.368;5.098;1.743;2.096;2.543;0.457;0.945;2.295
186D0;6.183;0.952;2.428;0.573;0.641;0.526;0.669;0.707;1.232;0.281;1.146;1.276;1.317;4.929;0.431;0.945;2.641;1.110;1.020;1.830;0.647;1.142;1.038;1.304;1.191;4.045;1.159;1.122;2.602;1.250;4.854;0.190;1.399;0.950;0.706;0.471;1.431;0.887;1.016;1.018;1.291;0.756;1.855;0.683;1.046;0.551;1.355;0.795;1.236;0.949;3.750;0.913;0.787;0.524;0.984;1.513;1.067;1.358;1.132;0.710;1.633;0.000;1.421;0.535;0.638;1.755;0.715;0.861;0.766;0.836;0.665;0.560;2.084;1.319;0.787;1.611;1.303;0.559;0.847;0.848;1.433;0.763;1.371;1.367;1.074;1.388;0.596;1.963;1.524;0.486;1.279;1.288;1.451;6.683;0.222;0.709;1.109;1.974;1.020;0.908
89E1;7.390;0.635;1.576;1.407;0.951;1.543;1.770;0.950;1.062;1.249;0.856;0.599;0.370;6.145;1.209;0.760;3.944;0.573;0.828;0.753;1.654;2.387;0.719;0.256;0.522;5.324;0.600;0.623;1.710;0.777;6.068;1.472;0.499;0.802;0.927;1.486;0.480;0.728;0.811;1.785;0.300;1.914;3.115;1.848;0.592;1.225;0.387;0.941;0.374;1.713;2.816;0.862;1.980;1.444;0.555;2.604;2.318;0.440;0.628;1.806;2.882;1.421;0.000;1.522;1.825;0.612;0.934;0.865;1.964;1.373;1.663;1.492;1.223;1.007;2.137;2.822;0.436;1.703;0.800;2.196;0.331;1.961;0.494;0.513;0.398;0.489;1.301;3.178;2.711;1.095;0.664;2.561;2.787;7.909;1.235;1.124;0.725;3.287;2.270;0.936
151A0;6.003;0.949;2.464;0.665;0.872;0.077;0.266;0.690;1.311;0.440;1.443;1.352;1.494;4.759;0.461;0.973;2.487;1.132;1.106;1.900;0.150;0.877;1.062;1.404;1.431;3.888;1.217;1.217;2.649;1.312;4.664;0.479;1.492;0.890;0.725;0.473;1.466;0.852;0.997;0.792;1.365;0.395;1.645;0.367;1.287;0.376;1.430;0.739;1.252;0.819;3.687;0.815;0.520;0.115;1.067;1.221;0.875;1.400;1.180;0.452;1.417;0.535;1.522;0.000;0.363;1.823;0.630;0.884;0.504;0.495;0.483;0.117;2.135;1.447;0.691;1.353;1.373;0.230;0.788;0.746;1.475;0.507;1.404;1.454;1.157;1.399;0.700;1.783;1.261;0.749;1.498;1.068;1.316;6.508;0.545;0.788;1.130;1.823;0.786;0.929
72A0;5.752;1.240;2.669;0.695;1.118;0.327;0.208;0.971;1.519;0.625;1.639;1.608;1.754;4.508;0.704;1.240;2.211;1.427;1.320;2.245;0.300;0.660;1.325;1.684;1.684;3.628;1.486;1.462;2.858;1.538;4.427;0.611;1.739;1.175;1.006;0.470;1.738;1.143;1.263;0.749;1.664;0.254;1.400;0.205;1.525;0.649;1.691;0.990;1.547;0.823;3.993;1.082;0.334;0.425;1.333;1.031;0.588;1.686;1.442;0.441;1.171;0.638;1.825;0.363;0.000;2.087;0.916;1.151;0.311;0.826;0.561;0.393;2.338;1.613;0.403;1.129;1.653;0.173;1.075;0.447;1.755;0.321;1.690;1.708;1.443;1.688;0.781;1.527;1.057;0.966;1.720;0.807;1.021;6.262;0.747;0.931;1.409;1.547;0.574;1.131
32E1;7.475;1.007;0.993;1.682;1.429;1.849;2.035;1.362;1.525;1.554;1.257;1.010;0.777;6.242;1.593;1.191;4.127;1.049;1.189;1.088;1.951;2.690;1.140;0.667;1.000;5.483;1.041;1.008;1.126;1.128;6.195;1.849;0.738;1.195;1.357;1.737;0.812;1.075;1.233;1.880;0.826;2.212;3.329;2.099;1.019;1.567;0.586;1.281;0.718;1.756;2.644;1.069;2.216;1.759;0.908;2.748;2.519;0.883;1.039;2.175;3.089;1.755;0.612;1.823;2.087;0.000;1.232;1.309;2.203;1.765;2.059;1.759;0.638;1.293;2.424;3.033;0.894;2.002;1.132;2.472;0.534;2.197;0.943;0.859;0.785;0.903;1.593;3.312;2.917;1.537;1.040;2.799;3.019;8.024;1.569;1.415;1.207;3.495;2.602;1.243
68A0;6.572;0.338;1.986;0.632;0.581;0.646;0.871;0.292;0.920;0.455;0.989;0.776;0.907;5.329;0.421;0.450;3.085;0.570;0.590;1.444;0.751;1.503;0.517;0.791;0.908;4.484;0.647;0.640;2.166;0.766;5.248;0.748;0.875;0.355;0.330;0.627;0.852;0.240;0.492;1.018;0.773;1.017;2.252;0.958;0.768;0.339;0.803;0.248;0.632;1.000;3.352;0.310;1.106;0.546;0.458;1.759;1.440;0.803;0.605;0.946;2.017;0.715;0.934;0.630;0.916;1.232;0.000;0.433;1.088;0.660;0.841;0.596;1.615;0.961;1.268;1.955;0.779;0.801;0.180;1.326;0.848;1.088;0.818;0.850;0.557;0.805;0.564;2.337;1.856;0.573;0.957;1.680;1.914;7.092;0.577;0.463;0.623;2.424;1.390;0.438
161A0;6.883;0.337;2.197;0.709;0.389;0.879;1.139;0.200;0.504;0.676;0.732;0.506;0.749;5.638;0.485;0.138;3.348;0.330;0.335;1.391;0.986;1.691;0.231;0.698;0.698;4.759;0.373;0.415;2.365;0.489;5.546;0.852;0.743;0.205;0.176;0.830;0.682;0.332;0.173;1.375;0.606;1.229;2.517;1.234;0.585;0.516;0.763;0.278;0.613;1.409;3.495;0.623;1.390;0.779;0.422;2.092;1.722;0.595;0.354;1.028;2.291;0.861;0.865;0.884;1.151;1.309;0.433;0.000;1.371;0.787;0.857;0.901;1.794;0.698;1.460;2.232;0.559;1.009;0.335;1.528;0.815;1.373;0.582;0.650;0.555;0.604;0.601;2.651;2.143;0.465;0.712;1.930;2.149;7.387;0.765;0.463;0.265;2.678;1.530;0.333
178A1;5.515;1.419;2.712;0.970;1.305;0.504;0.260;1.178;1.778;0.796;1.852;1.826;1.934;4.268;0.914;1.456;1.999;1.620;1.560;2.313;0.446;0.553;1.543;1.852;1.863;3.401;1.698;1.678;2.899;1.778;4.184;0.740;1.939;1.381;1.210;0.722;1.937;1.322;1.487;0.730;1.836;0.306;1.170;0.144;1.713;0.862;1.865;1.209;1.708;0.738;3.933;1.220;0.026;0.605;1.515;0.771;0.385;1.880;1.656;0.645;0.935;0.766;1.964;0.504;0.311;2.203;1.088;1.371;0.000;0.919;0.794;0.506;2.421;1.874;0.381;0.889;1.849;0.409;1.258;0.388;1.918;0.016;1.889;1.916;1.598;1.883;1.050;1.285;0.798;1.159;1.933;0.601;0.844;6.024;0.849;1.186;1.623;1.337;0.580;1.374
70A0;6.280;0.861;2.494;0.967;0.843;0.525;0.693;0.629;1.200;0.723;1.450;1.242;1.420;5.048;0.579;0.877;2.806;0.969;1.094;1.621;0.536;1.149;0.957;1.303;1.360;4.174;1.098;1.158;2.672;1.248;4.922;0.723;1.431;0.770;0.656;0.872;1.335;0.784;0.874;1.121;1.203;0.744;1.944;0.803;1.264;0.500;1.366;0.738;1.132;1.181;3.444;0.822;0.928;0.464;1.030;1.537;1.291;1.240;1.081;0.667;1.735;0.836;1.373;0.495;0.826;1.765;0.660;0.787;0.919;0.000;0.619;0.544;2.174;1.461;1.095;1.645;1.232;0.670;0.738;1.152;1.372;0.923;1.231;1.361;1.079;1.226;0.945;2.137;1.552;0.798;1.464;1.410;1.684;6.766;0.759;0.950;0.961;2.156;1.054;0.971
165A0;6.162;1.076;2.810;0.660;0.839;0.438;0.596;0.723;1.127;0.653;1.398;1.353;1.568;4.926;0.491;0.980;2.598;1.170;1.088;2.054;0.461;0.901;1.069;1.520;1.462;4.004;1.228;1.242;2.994;1.283;4.814;0.532;1.571;0.942;0.743;0.614;1.526;0.997;0.982;1.161;1.442;0.539;1.783;0.677;1.328;0.506;1.568;0.816;1.401;1.271;4.010;1.079;0.813;0.442;1.188;1.509;1.091;1.446;1.201;0.199;1.581;0.665;1.663;0.483;0.561;2.059;0.841;0.857;0.794;0.619;0.000;0.590;2.440;1.374;0.749;1.526;1.415;0.419;0.939;0.819;1.624;0.804;1.431;1.495;1.312;1.446;0.687;2.003;1.467;0.709;1.493;1.205;1.412;6.645;0.758;0.807;1.096;1.935;0.704;0.953
193A0;5.996;0.926;2.371;0.677;0.902;0.170;0.287;0.706;1.347;0.434;1.450;1.347;1.474;4.752;0.502;0.979;2.498;1.129;1.106;1.879;0.221;0.933;1.063;1.375;1.427;3.896;1.214;1.208;2.556;1.310;4.664;0.538;1.465;0.887;0.743;0.470;1.445;0.828;1.005;0.727;1.349;0.457;1.659;0.375;1.280;0.398;1.391;0.734;1.218;0.716;3.628;0.762;0.521;0.179;1.041;1.197;0.874;1.387;1.174;0.560;1.426;0.560;1.492;0.117;0.393;1.759;0.596;0.901;0.506;0.544;0.590;0.000;2.049;1.450;0.739;1.362;1.362;0.301;0.764;0.787;1.435;0.507;1.396;1.438;1.126;1.386;0.711;1.770;1.264;0.787;1.493;1.090;1.339;6.508;0.545;0.786;1.142;1.838;0.862;0.922
218E1;7.422;1.482;0.468;1.985;1.909;2.159;2.295;1.810;2.039;1.880;1.740;1.542;1.332;6.209;1.990;1.680;4.211;1.589;1.644;1.643;2.252;2.949;1.636;1.234;1.538;5.522;1.573;1.505;0.643;1.613;6.199;2.210;1.248;1.667;1.818;2.004;1.361;1.521;1.724;1.967;1.416;2.492;3.470;2.338;1.521;1.938;1.110;1.688;1.255;1.828;2.660;1.403;2.432;2.087;1.385;2.847;2.676;1.453;1.550;2.525;3.233;2.084;1.223;2.135;2.338;0.638;1.615;1.794;2.421;2.174;2.440;2.049;0.000;1.713;2.670;3.186;1.458;2.294;1.558;2.705;1.098;2.414;1.512;1.389;1.293;1.467;1.921;3.368;3.071;1.980;1.544;2.985;3.183;8.000;1.914;1.767;1.742;3.622;2.893;1.646
18C1;7.333;0.778;2.170;0.958;0.884;1.426;1.666;0.851;0.513;1.148;0.587;0.470;0.703;6.089;1.051;0.626;3.795;0.700;0.385;1.699;1.538;2.208;0.571;0.767;0.727;5.218;0.545;0.450;2.325;0.319;6.028;1.372;0.577;0.749;0.838;1.182;0.649;0.822;0.633;1.743;0.786;1.759;3.009;1.742;0.640;1.085;0.747;0.769;0.833;1.804;3.777;1.026;1.897;1.341;0.682;2.583;2.168;0.679;0.520;1.547;2.781;1.319;1.007;1.447;1.613;1.293;0.961;0.698;1.874;1.461;1.374;1.450;1.713;0.000;1.913;2.741;0.632;1.514;0.846;1.976;0.854;1.877;0.671;0.521;0.820;0.704;0.851;3.096;2.663;0.955;0.481;2.416;2.592;7.857;1.268;0.691;0.641;3.134;2.028;0.544
195A0;5.492;1.580;2.987;0.976;1.347;0.662;0.504;1.287;1.792;0.902;1.874;1.930;2.052;4.246;0.984;1.562;1.916;1.750;1.637;2.509;0.626;0.450;1.653;2.007;1.947;3.335;1.808;1.783;3.173;1.863;4.160;0.739;2.073;1.518;1.310;0.780;2.081;1.489;1.593;1.004;1.982;0.406;1.137;0.423;1.794;0.987;2.031;1.338;1.890;1.044;4.250;1.444;0.392;0.765;1.660;0.956;0.439;2.017;1.770;0.590;0.930;0.787;2.137;0.691;0.403;2.424;1.268;1.460;0.381;1.095;0.749;0.739;2.670;1.913;0.000;0.923;1.977;0.500;1.426;0.076;2.100;0.389;2.021;2.037;1.765;2.027;1.071;1.314;0.875;1.181;1.999;0.560;0.704;5.986;0.950;1.247;1.722;1.245;0.390;1.470
145A0;4.661;2.286;3.419;1.815;2.165;1.354;1.098;2.041;2.616;1.683;2.730;2.700;2.818;3.423;1.779;2.323;1.178;2.482;2.435;3.086;1.252;0.668;2.410;2.725;2.744;2.547;2.568;2.558;3.603;2.647;3.317;1.563;2.817;2.235;2.074;1.580;2.804;2.187;2.342;1.348;2.702;1.018;0.323;1.014;2.598;1.721;2.736;2.074;2.567;1.380;4.445;2.062;0.868;1.455;2.395;0.424;0.630;2.745;2.528;1.331;0.149;1.611;2.822;1.353;1.129;3.033;1.955;2.232;0.889;1.645;1.526;1.362;3.186;2.741;0.923;0.000;2.720;1.241;2.122;0.862;2.779;0.891;2.751;2.794;2.469;2.742;1.907;0.589;0.134;2.016;2.820;0.368;0.461;5.159;1.709;2.056;2.478;0.582;0.901;2.244
179D0;7.346;0.446;1.866;1.156;0.764;1.379;1.628;0.710;0.653;1.111;0.658;0.173;0.333;6.101;1.005;0.439;3.845;0.268;0.465;1.086;1.488;2.222;0.364;0.259;0.450;5.249;0.204;0.266;2.014;0.362;6.019;1.335;0.300;0.520;0.688;1.288;0.190;0.545;0.461;1.711;0.169;1.747;3.013;1.718;0.456;1.020;0.357;0.683;0.321;1.709;3.194;0.782;1.867;1.275;0.381;2.533;2.200;0.085;0.244;1.580;2.781;1.303;0.436;1.373;1.653;0.894;0.779;0.559;1.849;1.232;1.415;1.362;1.458;0.632;1.977;2.720;0.000;1.524;0.611;2.041;0.378;1.849;0.121;0.185;0.380;0.163;1.040;3.107;2.622;0.906;0.441;2.434;2.656;7.863;1.159;0.849;0.361;3.179;2.075;0.618
139A0;5.885;1.116;2.633;0.639;0.979;0.181;0.208;0.828;1.384;0.530;1.529;1.482;1.639;4.642;0.560;1.106;2.342;1.289;1.205;2.108;0.180;0.723;1.194;1.567;1.562;3.755;1.355;1.343;2.821;1.420;4.551;0.500;1.632;1.040;0.861;0.437;1.617;1.020;1.127;0.809;1.532;0.256;1.517;0.277;1.410;0.509;1.587;0.868;1.429;0.883;3.906;0.988;0.431;0.278;1.219;1.151;0.736;1.556;1.315;0.328;1.292;0.559;1.703;0.230;0.173;2.002;0.801;1.009;0.409;0.670;0.419;0.301;2.294;1.514;0.500;1.241;1.524;0.000;0.953;0.557;1.646;0.418;1.557;1.591;1.327;1.558;0.706;1.669;1.164;0.833;1.607;0.925;1.151;6.389;0.651;0.842;1.266;1.675;0.608;1.025
66B0;6.743;0.176;1.943;0.722;0.568;0.799;1.034;0.274;0.805;0.598;0.903;0.613;0.773;5.500;0.521;0.309;3.255;0.405;0.473;1.345;0.902;1.655;0.359;0.645;0.793;4.655;0.485;0.491;2.121;0.619;5.418;0.874;0.725;0.208;0.303;0.765;0.683;0.073;0.348;1.152;0.615;1.170;2.420;1.126;0.668;0.461;0.664;0.197;0.484;1.160;3.296;0.307;1.275;0.695;0.329;1.926;1.610;0.631;0.442;1.066;2.186;0.847;0.800;0.788;1.075;1.132;0.180;0.335;1.258;0.738;0.939;0.764;1.558;0.846;1.426;2.122;0.611;0.953;0.000;1.486;0.704;1.258;0.644;0.689;0.430;0.630;0.633;2.510;2.023;0.608;0.833;1.846;2.080;7.262;0.704;0.485;0.471;2.593;1.531;0.362
105A0;5.420;1.641;3.017;1.034;1.417;0.718;0.542;1.353;1.862;0.961;1.940;1.996;2.114;4.174;1.052;1.628;1.845;1.816;1.701;2.568;0.677;0.431;1.718;2.067;2.011;3.265;1.874;1.846;3.203;1.928;4.091;0.807;2.133;1.581;1.377;0.832;2.143;1.549;1.659;1.005;2.045;0.448;1.071;0.451;1.858;1.050;2.088;1.399;1.949;1.047;4.280;1.493;0.396;0.823;1.720;0.901;0.380;2.082;1.835;0.656;0.863;0.848;2.196;0.746;0.447;2.472;1.326;1.528;0.388;1.152;0.819;0.787;2.705;1.976;0.076;0.862;2.041;0.557;1.486;0.000;2.157;0.395;2.085;2.100;1.824;2.091;1.131;1.242;0.817;1.251;2.063;0.498;0.633;5.916;1.008;1.307;1.790;1.175;0.407;1.531
31D1;7.345;0.551;1.496;1.300;1.004;1.492;1.714;0.906;1.006;1.217;0.888;0.495;0.414;6.104;1.181;0.690;3.904;0.534;0.704;1.033;1.596;2.350;0.627;0.217;0.642;5.292;0.518;0.512;1.645;0.625;6.036;1.495;0.299;0.707;0.899;1.393;0.299;0.639;0.719;1.685;0.345;1.865;3.079;1.796;0.639;1.161;0.144;0.833;0.241;1.633;2.955;0.753;1.934;1.391;0.467;2.542;2.259;0.361;0.519;1.764;2.841;1.433;0.331;1.475;1.755;0.534;0.848;0.815;1.918;1.372;1.624;1.435;1.098;0.854;2.100;2.779;0.378;1.646;0.704;2.157;0.000;1.916;0.422;0.372;0.381;0.379;1.196;3.125;2.672;1.126;0.651;2.517;2.744;7.878;1.262;1.002;0.682;3.250;2.232;0.784
175A1;5.514;1.419;2.703;0.973;1.305;0.509;0.268;1.180;1.782;0.794;1.851;1.827;1.932;4.267;0.917;1.458;1.999;1.621;1.562;2.309;0.453;0.565;1.545;1.850;1.861;3.401;1.699;1.679;2.890;1.780;4.183;0.740;1.938;1.383;1.212;0.725;1.937;1.322;1.489;0.726;1.835;0.320;1.172;0.151;1.711;0.865;1.863;1.211;1.706;0.726;3.924;1.218;0.027;0.609;1.514;0.769;0.385;1.880;1.658;0.656;0.936;0.763;1.961;0.507;0.321;2.197;1.088;1.373;0.016;0.923;0.804;0.507;2.414;1.877;0.389;0.891;1.849;0.418;1.258;0.395;1.916;0.000;1.890;1.916;1.595;1.884;1.053;1.283;0.798;1.159;1.932;0.606;0.846;6.024;0.845;1.188;1.625;1.338;0.594;1.377
43B0;7.384;0.488;1.915;1.209;0.825;1.410;1.660;0.739;0.644;1.173;0.751;0.211;0.443;6.141;1.046;0.467;3.885;0.281;0.514;1.093;1.512;2.247;0.385;0.352;0.555;5.288;0.239;0.341;2.062;0.381;6.054;1.391;0.370;0.527;0.721;1.341;0.186;0.582;0.461;1.754;0.228;1.773;3.047;1.755;0.569;1.049;0.430;0.712;0.365;1.768;3.191;0.822;1.907;1.305;0.465;2.567;2.244;0.066;0.282;1.598;2.817;1.371;0.494;1.404;1.690;0.943;0.818;0.582;1.889;1.231;1.431;1.396;1.512;0.671;2.021;2.751;0.121;1.557;0.644;2.085;0.422;1.890;0.000;0.250;0.465;0.079;1.093;3.152;2.654;0.966;0.537;2.469;2.699;7.899;1.229;0.903;0.351;3.219;2.098;0.658
209D1;7.406;0.538;1.816;1.162;0.857;1.455;1.700;0.801;0.682;1.168;0.634;0.178;0.318;6.161;1.083;0.522;3.905;0.412;0.453;1.216;1.567;2.302;0.437;0.292;0.482;5.314;0.292;0.262;1.964;0.309;6.089;1.416;0.154;0.612;0.784;1.313;0.171;0.629;0.544;1.739;0.322;1.824;3.084;1.785;0.472;1.095;0.308;0.738;0.400;1.744;3.271;0.835;1.936;1.355;0.428;2.598;2.253;0.220;0.301;1.660;2.850;1.367;0.513;1.454;1.708;0.859;0.850;0.650;1.916;1.361;1.495;1.438;1.389;0.521;2.037;2.794;0.185;1.591;0.689;2.100;0.372;1.916;0.250;0.000;0.455;0.269;1.046;3.161;2.698;0.985;0.374;2.501;2.714;7.931;1.235;0.849;0.478;3.241;2.152;0.618
29E1;7.055;0.285;1.681;1.023;0.670;1.173;1.401;0.602;0.880;0.873;0.738;0.474;0.412;5.809;0.848;0.454;3.586;0.362;0.540;1.046;1.288;2.027;0.439;0.263;0.493;4.978;0.407;0.389;1.844;0.589;5.736;1.133;0.456;0.483;0.589;1.093;0.466;0.364;0.528;1.427;0.315;1.548;2.761;1.478;0.432;0.853;0.339;0.568;0.218;1.381;3.054;0.508;1.615;1.075;0.193;2.256;1.946;0.416;0.396;1.448;2.526;1.074;0.398;1.157;1.443;0.785;0.557;0.555;1.598;1.079;1.312;1.126;1.293;0.820;1.765;2.469;0.380;1.327;0.430;1.824;0.381;1.595;0.465;0.455;0.000;0.458;0.921;2.824;2.363;0.781;0.596;2.196;2.418;7.578;0.897;0.749;0.519;2.927;1.907;0.586
173A1;7.369;0.476;1.867;1.220;0.863;1.408;1.653;0.750;0.697;1.181;0.808;0.255;0.473;6.127;1.059;0.486;3.880;0.297;0.538;1.091;1.506;2.248;0.404;0.349;0.609;5.281;0.272;0.368;2.015;0.408;6.040;1.410;0.366;0.523;0.736;1.344;0.155;0.568;0.474;1.735;0.242;1.772;3.041;1.749;0.613;1.049;0.403;0.711;0.325;1.744;3.156;0.796;1.901;1.302;0.463;2.549;2.238;0.084;0.303;1.608;2.810;1.388;0.489;1.399;1.688;0.903;0.805;0.604;1.883;1.226;1.446;1.386;1.467;0.704;2.027;2.742;0.163;1.558;0.630;2.091;0.379;1.884;0.079;0.269;0.458;0.000;1.107;3.140;2.644;0.999;0.588;2.465;2.699;7.886;1.242;0.913;0.385;3.217;2.105;0.662
34A0;6.493;0.741;2.330;0.119;0.631;0.663;0.869;0.523;0.868;0.434;0.936;0.948;1.115;5.248;0.421;0.658;2.947;0.877;0.618;1.890;0.779;1.395;0.723;1.098;1.051;4.370;0.863;0.794;2.511;0.843;5.183;0.657;1.080;0.678;0.542;0.345;1.122;0.680;0.698;1.074;1.100;0.958;2.167;0.926;0.877;0.455;1.097;0.482;1.029;1.129;3.874;0.761;1.074;0.614;0.756;1.774;1.325;1.090;0.813;0.806;1.939;0.596;1.301;0.700;0.781;1.593;0.564;0.601;1.050;0.945;0.687;0.711;1.921;0.851;1.071;1.907;1.040;0.706;0.633;1.131;1.196;1.053;1.093;1.046;0.921;1.107;0.000;2.259;1.833;0.527;1.006;1.574;1.743;7.012;0.635;0.204;0.837;2.285;1.231;0.465
1D1;4.250;2.671;3.563;2.157;2.568;1.783;1.526;2.459;3.045;2.041;3.078;3.088;3.165;3.002;2.194;2.730;0.854;2.891;2.813;3.472;1.704;1.195;2.812;3.079;3.101;2.185;2.965;2.932;3.741;3.031;2.951;1.960;3.163;2.649;2.492;1.918;3.181;2.573;2.760;1.580;3.088;1.490;0.469;1.422;2.948;2.140;3.072;2.468;2.934;1.565;4.682;2.410;1.267;1.885;2.755;0.663;0.944;3.138;2.919;1.816;0.495;1.963;3.178;1.783;1.527;3.312;2.337;2.651;1.285;2.137;2.003;1.770;3.368;3.096;1.314;0.589;3.107;1.669;2.510;1.242;3.125;1.283;3.152;3.161;2.824;3.140;2.259;0.000;0.637;2.415;3.171;0.821;0.709;4.781;2.064;2.411;2.903;0.476;1.404;2.616
143A0;4.748;2.185;3.299;1.744;2.076;1.267;1.010;1.950;2.541;1.590;2.643;2.608;2.716;3.508;1.693;2.233;1.285;2.385;2.349;2.968;1.168;0.645;2.319;2.621;2.646;2.645;2.475;2.466;3.481;2.561;3.404;1.478;2.719;2.142;1.983;1.503;2.705;2.087;2.254;1.258;2.599;0.946;0.436;0.925;2.502;1.633;2.632;1.984;2.461;1.267;4.318;1.958;0.776;1.366;2.295;0.339;0.568;2.647;2.435;1.275;0.237;1.524;2.711;1.261;1.057;2.917;1.856;2.143;0.798;1.552;1.467;1.264;3.071;2.663;0.875;0.134;2.622;1.164;2.023;0.817;2.672;0.798;2.654;2.698;2.363;2.644;1.833;0.637;0.000;1.930;2.728;0.350;0.506;5.248;1.611;1.976;2.388;0.687;0.878;2.158
113B0;6.636;0.653;2.361;0.596;0.173;0.741;0.980;0.396;0.784;0.447;0.756;0.867;0.953;5.384;0.317;0.560;3.081;0.716;0.650;1.539;0.867;1.475;0.652;0.966;0.803;4.488;0.753;0.741;2.527;0.856;5.296;0.481;1.053;0.622;0.360;0.674;1.057;0.623;0.634;1.309;0.909;1.052;2.274;1.043;0.675;0.500;1.052;0.548;0.929;1.288;3.646;0.808;1.180;0.672;0.675;1.920;1.493;0.964;0.742;0.861;2.055;0.486;1.095;0.749;0.966;1.537;0.573;0.465;1.159;0.798;0.709;0.787;1.980;0.955;1.181;2.016;0.906;0.833;0.608;1.251;1.126;1.159;0.966;0.985;0.781;0.999;0.527;2.415;1.930;0.000;0.885;1.694;1.877;7.129;0.441;0.527;0.682;2.409;1.312;0.622
200E1;7.418;0.700;1.970;1.119;0.758;1.493;1.739;0.861;0.665;1.142;0.287;0.389;0.303;6.166;1.075;0.625;3.889;0.590;0.497;1.321;1.619;2.310;0.581;0.485;0.287;5.302;0.463;0.382;2.108;0.450;6.102;1.343;0.418;0.773;0.826;1.298;0.532;0.780;0.686;1.824;0.521;1.850;3.091;1.809;0.281;1.149;0.550;0.845;0.657;1.798;3.463;1.004;1.954;1.402;0.543;2.653;2.255;0.517;0.482;1.665;2.860;1.279;0.664;1.498;1.720;1.040;0.957;0.712;1.933;1.464;1.493;1.493;1.544;0.481;1.999;2.820;0.441;1.607;0.833;2.063;0.651;1.932;0.537;0.374;0.596;0.588;1.006;3.171;2.728;0.885;0.000;2.504;2.686;7.936;1.176;0.842;0.610;3.221;2.146;0.697
135A0;4.971;2.009;3.253;1.478;1.850;1.060;0.814;1.744;2.293;1.373;2.401;2.402;2.525;3.729;1.465;2.026;1.423;2.198;2.123;2.872;0.970;0.385;2.114;2.449;2.440;2.831;2.273;2.257;3.439;2.341;3.633;1.240;2.529;1.952;1.774;1.254;2.524;1.911;2.048;1.160;2.426;0.717;0.596;0.722;2.290;1.424;2.463;1.781;2.304;1.200;4.391;1.812;0.586;1.166;2.109;0.537;0.343;2.464;2.233;1.012;0.382;1.288;2.561;1.068;0.807;2.799;1.680;1.930;0.601;1.410;1.205;1.090;2.985;2.416;0.560;0.368;2.434;0.925;1.846;0.498;2.517;0.606;2.469;2.501;2.196;2.465;1.574;0.821;0.350;1.694;2.504;0.000;0.312;5.467;1.410;1.735;2.184;0.760;0.588;1.937
106A0;4.793;2.241;3.452;1.639;2.042;1.301;1.068;1.969;2.489;1.567;2.562;2.616;2.726;3.549;1.675;2.247;1.214;2.429;2.322;3.116;1.227;0.616;2.335;2.668;2.629;2.635;2.493;2.465;3.636;2.547;3.468;1.417;2.739;2.187;1.996;1.429;2.750;2.145;2.275;1.360;2.653;0.970;0.505;0.966;2.475;1.655;2.680;2.006;2.538;1.390;4.642;2.050;0.833;1.408;2.324;0.707;0.519;2.693;2.452;1.227;0.368;1.451;2.787;1.316;1.021;3.019;1.914;2.149;0.844;1.684;1.412;1.339;3.183;2.592;0.704;0.461;2.656;1.151;2.080;0.633;2.744;0.846;2.699;2.714;2.418;2.699;1.743;0.709;0.506;1.877;2.686;0.312;0.000;5.288;1.597;1.919;2.410;0.546;0.776;2.142
56A0;0.680;7.423;8.083;6.906;7.283;6.510;6.252;7.195;7.757;6.798;7.820;7.849;7.927;1.806;6.923;7.477;4.078;7.631;7.577;8.062;6.411;5.746;7.563;7.837;7.847;2.662;7.719;7.699;8.233;7.793;1.847;6.652;7.937;7.389;7.226;6.680;7.941;7.325;7.500;6.302;7.832;6.170;4.875;6.159;7.704;6.877;7.837;7.223;7.682;6.294;8.678;7.160;6.004;6.612;7.521;5.348;5.696;7.888;7.678;6.448;5.098;6.683;7.909;6.508;6.262;8.024;7.092;7.387;6.024;6.766;6.645;6.508;8.000;7.857;5.986;5.159;7.863;6.389;7.262;5.916;7.878;6.024;7.899;7.931;7.578;7.886;7.012;4.781;5.248;7.129;7.936;5.467;5.288;0.000;6.791;7.176;7.635;4.742;5.951;7.381
222E1;6.288;0.798;2.249;0.644;0.554;0.557;0.727;0.605;1.188;0.238;1.074;1.157;1.169;5.034;0.402;0.834;2.772;0.968;0.939;1.626;0.684;1.268;0.924;1.138;1.058;4.167;1.035;1.005;2.422;1.158;4.957;0.313;1.262;0.829;0.603;0.551;1.287;0.736;0.912;1.006;1.127;0.848;1.970;0.759;0.923;0.504;1.196;0.698;1.063;0.907;3.534;0.754;0.868;0.522;0.833;1.574;1.182;1.210;1.010;0.819;1.743;0.222;1.235;0.545;0.747;1.569;0.577;0.765;0.849;0.759;0.758;0.545;1.914;1.268;0.950;1.709;1.159;0.651;0.704;1.008;1.262;0.845;1.229;1.235;0.897;1.242;0.635;2.064;1.611;0.441;1.176;1.410;1.597;6.791;0.000;0.687;0.995;2.108;1.162;0.836
38B0;6.653;0.571;2.186;0.315;0.577;0.763;0.988;0.426;0.746;0.502;0.817;0.757;0.937;5.408;0.460;0.490;3.119;0.702;0.430;1.743;0.881;1.551;0.542;0.910;0.901;4.540;0.676;0.601;2.366;0.653;5.343;0.771;0.882;0.519;0.444;0.498;0.922;0.522;0.532;1.134;0.918;1.094;2.327;1.057;0.727;0.472;0.903;0.337;0.843;1.182;3.737;0.637;1.209;0.691;0.574;1.899;1.482;0.897;0.622;0.942;2.096;0.709;1.124;0.788;0.931;1.415;0.463;0.463;1.186;0.950;0.807;0.786;1.767;0.691;1.247;2.056;0.849;0.842;0.485;1.307;1.002;1.188;0.903;0.849;0.749;0.913;0.204;2.411;1.976;0.527;0.842;1.735;1.919;7.176;0.687;0.000;0.674;2.457;1.393;0.267
41A0;7.131;0.377;2.147;0.951;0.558;1.129;1.388;0.447;0.428;0.926;0.705;0.318;0.623;5.888;0.746;0.202;3.605;0.174;0.355;1.255;1.229;1.939;0.175;0.568;0.610;5.012;0.199;0.325;2.306;0.365;5.792;1.101;0.603;0.293;0.423;1.085;0.488;0.433;0.179;1.583;0.432;1.478;2.768;1.486;0.556;0.766;0.653;0.476;0.513;1.619;3.395;0.734;1.642;1.026;0.431;2.331;1.979;0.381;0.223;1.271;2.543;1.109;0.725;1.130;1.409;1.207;0.623;0.265;1.623;0.961;1.096;1.142;1.742;0.641;1.722;2.478;0.361;1.266;0.471;1.790;0.682;1.625;0.351;0.478;0.519;0.385;0.837;2.903;2.388;0.682;0.610;2.184;2.410;7.635;0.995;0.674;0.000;2.936;1.778;0.465
107A0;4.252;2.755;3.853;2.180;2.570;1.814;1.569;2.493;3.028;2.092;3.099;3.146;3.247;3.009;2.205;2.774;0.673;2.948;2.859;3.573;1.730;1.070;2.863;3.181;3.154;2.091;3.020;2.995;4.033;3.081;2.923;1.940;3.261;2.706;2.522;1.964;3.270;2.658;2.801;1.785;3.167;1.474;0.293;1.468;3.004;2.177;3.192;2.529;3.044;1.798;4.942;2.543;1.321;1.921;2.843;0.900;1.002;3.213;2.979;1.743;0.457;1.974;3.287;1.823;1.547;3.495;2.424;2.678;1.337;2.156;1.935;1.838;3.622;3.134;1.245;0.582;3.179;1.675;2.593;1.175;3.250;1.338;3.219;3.241;2.927;3.217;2.285;0.476;0.687;2.409;3.221;0.760;0.546;4.742;2.108;2.457;2.936;0.000;1.263;2.674
167A0;5.476;1.689;3.217;1.150;1.465;0.756;0.615;1.367;1.827;1.101;2.033;2.025;2.203;4.245;1.091;1.645;1.913;1.828;1.747;2.600;0.670;0.239;1.734;2.143;2.097;3.310;1.898;1.899;3.405;1.955;4.127;0.911;2.208;1.586;1.392;0.986;2.179;1.596;1.653;1.195;2.086;0.414;1.116;0.592;1.955;1.073;2.177;1.433;2.007;1.309;4.349;1.578;0.583;0.849;1.800;1.026;0.647;2.106;1.864;0.513;0.945;1.020;2.270;0.786;0.574;2.602;1.390;1.530;0.580;1.054;0.704;0.862;2.893;2.028;0.390;0.901;2.075;0.608;1.531;0.407;2.232;0.594;2.098;2.152;1.907;2.105;1.231;1.404;0.878;1.312;2.146;0.588;0.776;5.951;1.162;1.393;1.778;1.263;0.000;1.583
214A0;6.858;0.394;2.072;0.575;0.598;0.916;1.154;0.386;0.606;0.680;0.751;0.522;0.764;5.615;0.586;0.298;3.337;0.486;0.223;1.578;1.025;1.738;0.315;0.711;0.776;4.754;0.445;0.383;2.248;0.418;5.543;0.952;0.663;0.331;0.401;0.733;0.672;0.375;0.320;1.271;0.705;1.266;2.527;1.239;0.622;0.569;0.697;0.249;0.631;1.319;3.589;0.567;1.395;0.825;0.404;2.071;1.691;0.656;0.383;1.104;2.295;0.908;0.936;0.929;1.131;1.243;0.438;0.333;1.374;0.971;0.953;0.922;1.646;0.544;1.470;2.244;0.618;1.025;0.362;1.531;0.784;1.377;0.658;0.618;0.586;0.662;0.465;2.616;2.158;0.622;0.697;1.937;2.142;7.381;0.836;0.267;0.465;2.674;1.583;0.000
